Time (SGT),Open,High,Low,Close,Volume
2026-08-05 22:00:00,70.0,73.68,67.919,68.725,12658.09
2026-08-05 22:30:00,68.525,70.0,68.5,69.274,2982.19
2026-08-05 23:00:00,69.157,69.88,68.6,68.987,1012.66
2026-08-05 23:30:00,68.986,69.56,68.52,68.693,310.45
2026-08-06 00:00:00,69.09,69.19,68.52,68.841,406.53
2026-08-06 00:30:00,69.1,70.8,68.71,70.128,1408.38
2026-08-06 01:00:00,70.15,71.944,69.861,71.453,3113.35
2026-08-06 01:30:00,71.316,72.0,71.083,71.44,1270.75
2026-08-06 02:00:00,71.548,72.0,70.887,71.784,1269.34
2026-08-06 02:30:00,71.778,71.778,70.521,71.73,637.41
2026-08-06 03:00:00,71.801,71.84,71.091,71.638,286.09
2026-08-06 03:30:00,71.637,72.0,70.913,71.92,832.57
2026-08-06 04:00:00,71.92,72.0,71.367,71.97,763.77
2026-08-06 04:30:00,71.9,71.9,70.713,70.739,833.51
2026-08-06 05:00:00,70.871,71.97,70.627,71.725,1097.0
2026-08-06 05:30:00,71.725,71.725,70.214,71.72,522.38
2026-08-06 06:00:00,71.72,71.725,71.425,71.725,345.05
2026-08-06 06:30:00,71.725,72.0,71.35,72.0,791.06
2026-08-06 07:00:00,72.0,73.0,71.741,72.682,826.51
2026-08-06 07:30:00,72.869,72.99,71.426,72.545,885.51
2026-08-06 08:00:00,72.519,72.751,71.1,72.32,1337.62
2026-08-06 08:30:00,72.32,72.32,71.1,71.908,854.06
2026-08-06 09:00:00,72.048,72.919,71.49,71.972,708.59
2026-08-06 09:30:00,72.319,72.619,72.024,72.424,592.67
2026-08-06 10:00:00,72.499,72.8,71.1,72.5,641.87
2026-08-06 10:30:00,72.5,72.88,72.173,72.5,720.53
2026-08-06 11:00:00,72.485,72.89,72.21,72.781,745.38
2026-08-06 11:30:00,72.836,72.969,71.48,72.544,1068.81
2026-08-06 12:00:00,72.575,72.96,71.92,72.959,596.3
2026-08-06 12:30:00,72.959,72.98,72.341,72.98,1117.74
2026-08-06 13:00:00,72.98,73.5,72.54,73.4,1541.26
2026-08-06 13:30:00,73.401,73.8,73.066,73.8,649.82
2026-08-06 14:00:00,73.8,74.0,73.013,73.268,814.14
2026-08-06 14:30:00,73.268,73.527,71.983,72.957,808.2
2026-08-06 15:00:00,72.515,73.28,71.7,72.625,1686.27
2026-08-06 15:30:00,72.584,73.4,72.35,72.949,393.74
2026-08-06 16:00:00,72.949,73.3,72.16,72.686,305.93
2026-08-06 16:30:00,72.881,73.29,72.35,72.774,287.33
2026-08-06 17:00:00,72.465,74.0,72.465,72.715,637.84
2026-08-06 17:30:00,72.715,72.715,71.702,71.881,297.32
2026-08-06 18:00:00,71.802,72.421,71.7,72.161,476.71
2026-08-06 18:30:00,72.246,72.418,71.801,72.083,428.33
2026-08-06 19:00:00,72.02,74.931,71.835,74.484,6605.62
2026-08-06 19:30:00,74.429,75.0,73.26,74.405,2513.56
2026-08-06 20:00:00,74.394,75.0,74.325,74.758,2517.69
2026-08-06 20:30:00,74.796,74.936,73.811,74.768,1594.3
2026-08-06 21:00:00,74.719,75.672,74.651,75.017,2205.84
2026-08-06 21:30:00,75.023,76.4,74.91,75.759,3783.93
2026-08-06 22:00:00,75.761,77.8,75.5,76.54,3076.22
2026-08-06 22:30:00,76.303,79.68,76.3,78.252,5745.8
2026-08-06 23:00:00,78.308,84.478,78.253,83.546,21036.34
2026-08-06 23:30:00,83.545,84.0,82.81,83.508,2971.2
2026-08-07 00:00:00,83.266,84.37,81.802,83.447,4026.14
2026-08-07 00:30:00,83.447,83.638,82.0,82.056,1956.87
2026-08-07 01:00:00,82.055,82.576,79.314,80.86,3181.98
2026-08-07 01:30:00,80.611,80.723,78.0,78.0,2975.72
2026-08-07 02:00:00,78.161,83.1,78.0,78.974,2946.54
2026-08-07 02:30:00,78.975,80.435,78.599,79.516,511.14
2026-08-07 03:00:00,79.439,82.754,79.437,82.223,1978.68
2026-08-07 03:30:00,82.195,83.0,81.003,81.748,998.93
2026-08-07 04:00:00,81.741,83.16,80.541,83.16,864.57
2026-08-07 04:30:00,83.001,83.97,82.516,83.544,624.67
2026-08-07 05:00:00,83.474,83.544,81.433,81.819,459.63
2026-08-07 05:30:00,81.65,82.067,80.974,81.247,248.77
2026-08-07 06:00:00,81.413,82.059,80.0,80.72,1886.07
2026-08-07 06:30:00,80.72,81.6,80.0,80.249,1314.44
2026-08-07 07:00:00,80.249,82.429,80.161,81.552,1021.94
2026-08-07 07:30:00,81.552,83.486,81.207,81.436,711.39
2026-08-07 08:00:00,81.207,81.49,80.632,80.816,577.79
2026-08-07 08:30:00,80.816,81.0,80.429,80.434,200.4
2026-08-07 09:00:00,80.422,80.71,80.0,80.494,515.78
2026-08-07 09:30:00,80.261,81.5,80.216,81.215,1341.34
2026-08-07 10:00:00,81.047,81.239,81.039,81.175,817.34
2026-08-07 10:30:00,81.176,84.71,81.175,84.347,4167.89
2026-08-07 11:00:00,84.377,86.8,84.182,84.4,9186.88
2026-08-07 11:30:00,84.241,84.867,83.836,84.206,1346.77
2026-08-07 12:00:00,84.205,84.207,83.7,83.8,753.48
2026-08-07 12:30:00,83.849,84.348,83.697,83.697,1731.3
2026-08-07 13:00:00,83.824,85.0,81.818,84.019,4470.59
2026-08-07 13:30:00,84.019,90.0,83.933,87.327,7754.76
2026-08-07 14:00:00,87.34,88.5,87.197,88.038,2678.47
2026-08-07 14:30:00,88.037,93.993,88.037,91.345,16264.71
2026-08-07 15:00:00,91.607,91.8,89.16,89.897,2455.05
2026-08-07 15:30:00,89.843,91.007,88.518,88.904,3047.41
2026-08-07 16:00:00,88.899,91.0,88.118,89.933,2633.74
2026-08-07 16:30:00,89.952,90.343,89.434,89.524,881.97
2026-08-07 17:00:00,89.5,90.21,88.8,89.344,1208.59
2026-08-07 17:30:00,89.186,90.0,87.8,87.805,1829.01
2026-08-07 18:00:00,87.887,88.048,87.3,87.646,3418.61
2026-08-07 18:30:00,87.671,88.072,87.034,87.4,1943.1
2026-08-07 19:00:00,87.363,88.5,87.0,87.48,1315.32
2026-08-07 19:30:00,87.478,88.1,87.4,87.715,551.79
2026-08-07 20:00:00,87.78,88.1,87.5,87.7,516.81
2026-08-07 20:30:00,87.755,89.865,87.7,88.389,1818.48
2026-08-07 21:00:00,88.389,88.834,87.0,87.281,771.05
2026-08-07 21:30:00,87.327,88.992,86.909,86.909,1485.23
2026-08-07 22:00:00,86.909,87.8,86.3,87.71,1678.03
2026-08-07 22:30:00,87.738,88.1,86.0,86.526,1424.48
2026-08-07 23:00:00,86.622,87.298,85.9,86.287,1050.6
2026-08-07 23:30:00,86.35,86.682,83.636,83.8,6402.88
2026-08-08 00:00:00,83.8,85.0,83.039,84.603,3898.77
2026-08-08 00:30:00,84.603,84.652,81.914,81.914,3395.74
2026-08-08 01:00:00,81.915,84.881,81.4,83.2,2899.2
2026-08-08 01:30:00,83.171,83.5,82.029,82.534,1707.56
2026-08-08 02:00:00,82.484,82.638,81.432,81.727,1213.28
2026-08-08 02:30:00,81.727,81.88,81.01,81.01,1481.03
2026-08-08 03:00:00,81.01,81.952,81.0,81.119,731.83
2026-08-08 03:30:00,81.148,82.132,81.02,81.293,890.7
2026-08-08 04:00:00,81.303,81.607,80.545,80.741,1030.8
2026-08-08 04:30:00,80.739,82.914,80.545,81.474,846.98
2026-08-08 05:00:00,81.474,83.068,80.88,82.12,785.47
2026-08-08 05:30:00,82.155,83.489,81.012,82.0,1386.69
2026-08-08 06:00:00,82.0,82.74,81.771,82.18,717.3
2026-08-08 06:30:00,82.18,82.775,82.105,82.2,501.85
2026-08-08 07:00:00,82.2,82.673,82.111,82.445,536.0
2026-08-08 07:30:00,82.326,83.02,82.1,82.459,591.75
2026-08-08 08:00:00,82.459,82.7,82.427,82.489,320.97
2026-08-08 08:30:00,82.482,82.67,82.427,82.427,537.26
2026-08-08 09:00:00,82.461,82.535,82.427,82.455,274.07
2026-08-08 09:30:00,82.455,82.535,82.427,82.443,488.9
2026-08-08 10:00:00,82.443,82.8,82.443,82.501,508.59
2026-08-08 10:30:00,82.501,82.74,82.1,82.101,1002.53
2026-08-08 11:00:00,82.12,82.239,82.1,82.1,251.6
2026-08-08 11:30:00,82.191,82.46,82.1,82.163,394.38
2026-08-08 12:00:00,82.157,82.481,82.1,82.1,384.53
2026-08-08 12:30:00,82.155,82.156,82.1,82.1,181.79
2026-08-08 13:00:00,82.139,82.191,82.1,82.187,163.26
2026-08-08 13:30:00,82.18,82.383,81.1,81.176,579.75
2026-08-08 14:00:00,81.179,82.062,81.04,81.708,677.51
2026-08-08 14:30:00,81.772,82.08,81.25,81.791,333.04
2026-08-08 15:00:00,81.831,82.5,81.621,82.428,247.44
2026-08-08 15:30:00,82.43,82.9,82.035,82.747,256.74
2026-08-08 16:00:00,82.73,84.8,82.175,83.779,1064.68
2026-08-08 16:30:00,83.767,84.54,83.589,83.842,723.83
2026-08-08 17:00:00,83.842,84.062,83.64,83.82,204.79
2026-08-08 17:30:00,83.828,84.048,83.589,83.589,189.82
2026-08-08 18:00:00,83.589,84.66,83.589,84.03,503.71
2026-08-08 18:30:00,84.036,84.508,83.24,84.508,626.66
2026-08-08 19:00:00,84.539,84.786,84.265,84.511,379.71
2026-08-08 19:30:00,84.43,84.9,84.43,84.868,217.79
2026-08-08 20:00:00,84.821,84.962,84.43,84.478,106.07
2026-08-08 20:30:00,84.447,85.0,84.431,84.755,237.69
2026-08-08 21:00:00,84.795,85.0,84.558,84.89,168.89
2026-08-08 21:30:00,84.836,85.278,84.705,85.123,224.71
2026-08-08 22:00:00,85.089,85.87,85.0,85.064,529.36
2026-08-08 22:30:00,85.0,85.285,85.0,85.067,99.99
2026-08-08 23:00:00,85.074,85.294,85.067,85.127,91.0
2026-08-08 23:30:00,85.084,85.812,85.0,85.46,792.66
2026-08-09 00:00:00,85.374,85.783,85.303,85.414,473.26
2026-08-09 00:30:00,85.384,85.93,85.325,85.647,135.03
2026-08-09 01:00:00,85.637,85.76,85.468,85.604,164.21
2026-08-09 01:30:00,85.579,85.754,85.4,85.475,154.3
2026-08-09 02:00:00,85.475,85.618,85.398,85.534,387.89
2026-08-09 02:30:00,85.534,85.559,85.392,85.5,192.12
2026-08-09 03:00:00,85.52,85.784,85.39,85.45,283.45
2026-08-09 03:30:00,85.463,85.699,85.347,85.501,331.51
2026-08-09 04:00:00,85.5,85.501,85.345,85.5,160.5
2026-08-09 04:30:00,85.5,85.501,85.404,85.501,43.96
2026-08-09 05:00:00,85.434,85.501,85.33,85.479,340.01
2026-08-09 05:30:00,85.419,85.5,85.327,85.388,58.16
2026-08-09 06:00:00,85.388,85.434,85.289,85.383,286.87
2026-08-09 06:30:00,85.337,85.378,85.261,85.328,224.75
2026-08-09 07:00:00,85.326,85.501,85.261,85.501,42.8
2026-08-09 07:30:00,85.501,85.501,85.367,85.492,40.31
2026-08-09 08:00:00,85.492,85.684,85.401,85.631,142.58
2026-08-09 08:30:00,85.672,85.696,85.562,85.619,63.81
2026-08-09 09:00:00,85.615,86.101,85.261,85.515,499.65
2026-08-09 09:30:00,85.515,85.709,85.5,85.574,93.66
2026-08-09 10:00:00,85.579,85.674,85.255,85.502,191.56
2026-08-09 10:30:00,85.502,85.637,85.433,85.527,67.88
2026-08-09 11:00:00,85.545,85.567,85.238,85.29,209.45
2026-08-09 11:30:00,85.326,85.938,85.238,85.341,176.28
2026-08-09 12:00:00,85.341,85.345,85.232,85.267,77.6
2026-08-09 12:30:00,85.267,85.494,85.226,85.246,116.42
2026-08-09 13:00:00,85.246,85.85,85.0,85.627,570.94
2026-08-09 13:30:00,85.66,86.998,85.611,86.948,1003.1
2026-08-09 14:00:00,86.973,88.0,86.922,87.491,1489.29
2026-08-09 14:30:00,87.494,87.5,85.35,86.435,1453.18
2026-08-09 15:00:00,86.499,87.896,86.2,87.542,638.0
2026-08-09 15:30:00,87.564,87.896,86.939,87.517,416.12
2026-08-09 16:00:00,87.553,87.588,87.007,87.543,365.99
2026-08-09 16:30:00,87.55,88.126,87.266,87.753,714.45
2026-08-09 17:00:00,87.768,88.7,87.389,87.474,549.7
2026-08-09 17:30:00,87.48,87.732,86.412,87.105,699.38
2026-08-09 18:00:00,87.105,87.438,86.412,87.36,286.04
2026-08-09 18:30:00,87.36,87.882,87.273,87.708,317.15
2026-08-09 19:00:00,87.725,87.822,87.4,87.752,121.66
2026-08-09 19:30:00,87.784,87.95,87.095,87.403,418.53
2026-08-09 20:00:00,87.438,87.71,87.003,87.446,386.67
2026-08-09 20:30:00,87.516,87.662,86.777,87.0,622.99
2026-08-09 21:00:00,87.058,87.166,87.0,87.1,120.42
2026-08-09 21:30:00,87.1,87.588,87.0,87.124,199.82
2026-08-09 22:00:00,87.065,87.608,86.777,87.608,284.45
2026-08-09 22:30:00,87.608,87.615,86.924,87.436,288.74
2026-08-09 23:00:00,87.436,87.437,86.724,87.333,421.67
2026-08-09 23:30:00,87.333,87.751,86.412,87.403,646.18
2026-08-10 00:00:00,87.424,87.88,87.273,87.806,347.77
2026-08-10 00:30:00,87.846,88.0,87.8,87.959,283.19
2026-08-10 01:00:00,88.0,88.888,87.856,87.934,837.12
2026-08-10 01:30:00,87.981,88.042,87.8,87.973,153.79
2026-08-10 02:00:00,87.925,87.988,87.819,87.988,75.78
2026-08-10 02:30:00,87.988,87.988,87.5,87.581,245.29
2026-08-10 03:00:00,87.609,87.988,87.3,87.988,491.92
2026-08-10 03:30:00,87.988,88.042,87.962,88.021,341.7
2026-08-10 04:00:00,88.022,88.042,87.962,88.042,100.22
2026-08-10 04:30:00,88.042,88.105,87.25,88.049,351.5
2026-08-10 05:00:00,88.105,88.201,88.029,88.154,102.22
2026-08-10 05:30:00,88.093,88.208,88.069,88.153,102.75
2026-08-10 06:00:00,88.187,88.211,87.714,87.784,138.86
2026-08-10 06:30:00,87.79,88.211,87.79,87.976,106.64
2026-08-10 07:00:00,87.98,88.211,87.665,88.142,259.82
2026-08-10 07:30:00,88.194,88.21,88.123,88.203,233.33
2026-08-10 08:00:00,88.16,88.21,87.744,87.918,287.95
2026-08-10 08:30:00,87.863,87.864,86.205,86.393,691.15
2026-08-10 09:00:00,86.394,86.4,85.373,85.529,1145.37
2026-08-10 09:30:00,85.617,86.02,85.373,85.653,781.51
2026-08-10 10:00:00,85.652,86.227,85.545,86.123,475.24
2026-08-10 10:30:00,86.123,86.48,85.72,86.454,457.72
2026-08-10 11:00:00,86.454,86.48,85.512,85.762,236.13
2026-08-10 11:30:00,85.762,85.894,85.631,85.84,216.38
2026-08-10 12:00:00,85.84,85.84,84.972,85.557,906.08
2026-08-10 12:30:00,85.523,85.806,85.405,85.775,169.35
2026-08-10 13:00:00,85.775,86.505,84.8,85.499,1222.21
2026-08-10 13:30:00,85.596,85.62,85.465,85.54,249.93
2026-08-10 14:00:00,85.606,85.616,84.748,84.79,602.38
2026-08-10 14:30:00,84.851,84.919,84.449,84.621,349.99
2026-08-10 15:00:00,84.62,84.845,84.515,84.602,259.59
2026-08-10 15:30:00,84.697,84.739,83.426,83.757,1392.99
2026-08-10 16:00:00,83.855,84.298,83.53,83.879,393.05
2026-08-10 16:30:00,83.972,84.101,83.3,83.5,579.51
2026-08-10 17:00:00,83.599,84.068,82.921,82.958,512.39
2026-08-10 17:30:00,83.061,84.483,82.918,84.08,624.09
2026-08-10 18:00:00,84.177,84.4,84.033,84.256,406.28
2026-08-10 18:30:00,84.181,84.239,83.1,83.382,462.66
2026-08-10 19:00:00,83.269,83.495,83.223,83.454,323.26
2026-08-10 19:30:00,83.455,83.725,83.173,83.332,234.57
2026-08-10 20:00:00,83.332,83.438,83.241,83.296,92.5
2026-08-10 20:30:00,83.327,83.376,81.25,81.683,1488.9
2026-08-10 21:00:00,81.778,83.3,80.64,83.3,2701.68
2026-08-10 21:30:00,83.3,83.819,82.447,82.447,678.5
2026-08-10 22:00:00,82.631,82.91,82.447,82.91,551.41
2026-08-10 22:30:00,82.908,84.48,82.8,84.439,1913.89
2026-08-10 23:00:00,84.439,84.527,83.075,83.075,1423.35
2026-08-10 23:30:00,83.181,83.73,82.733,83.334,501.3
2026-08-11 00:00:00,83.42,83.552,81.908,81.915,897.52
2026-08-11 00:30:00,81.913,82.38,81.8,81.896,643.14
2026-08-11 01:00:00,81.895,82.9,81.048,82.844,940.43
2026-08-11 01:30:00,82.844,83.547,82.157,82.683,843.22
2026-08-11 02:00:00,82.78,83.48,81.275,81.328,878.6
2026-08-11 02:30:00,81.495,83.999,81.28,83.661,1110.97
2026-08-11 03:00:00,83.869,84.0,82.973,82.98,684.94
2026-08-11 03:30:00,83.1,83.806,82.338,83.684,525.46
2026-08-11 04:00:00,83.786,83.874,82.58,83.386,314.15
2026-08-11 04:30:00,83.55,84.48,83.202,83.263,1004.67
2026-08-11 05:00:00,83.342,84.332,83.148,84.129,903.99
2026-08-11 05:30:00,84.227,84.332,83.845,83.955,630.77
2026-08-11 06:00:00,83.96,84.527,83.922,84.527,812.22
2026-08-11 06:30:00,84.527,84.527,84.396,84.527,554.34
2026-08-11 07:00:00,84.526,84.944,84.303,84.492,646.81
2026-08-11 07:30:00,84.492,84.786,83.202,83.357,295.63
2026-08-11 08:00:00,83.356,83.437,82.784,82.953,299.42
2026-08-11 08:30:00,83.063,83.074,82.579,82.71,348.0
2026-08-11 09:00:00,82.71,82.81,82.579,82.656,247.93
2026-08-11 09:30:00,82.647,84.0,82.579,83.905,505.82
2026-08-11 10:00:00,83.96,84.436,83.572,84.3,800.16
2026-08-11 10:30:00,84.41,84.415,84.109,84.123,286.92
2026-08-11 11:00:00,84.355,84.384,84.11,84.384,252.04
2026-08-11 11:30:00,84.38,84.5,84.11,84.25,386.38
2026-08-11 12:00:00,84.339,84.459,84.109,84.123,415.16
2026-08-11 12:30:00,84.268,84.567,83.895,84.1,570.86
2026-08-11 13:00:00,84.1,84.464,84.04,84.2,301.28
2026-08-11 13:30:00,84.199,84.201,84.04,84.115,208.36
2026-08-11 14:00:00,84.115,84.12,84.04,84.115,167.96
2026-08-11 14:30:00,84.115,84.944,84.041,84.935,718.05
2026-08-11 15:00:00,84.837,86.742,84.822,85.44,1839.68
2026-08-11 15:30:00,85.601,86.208,85.375,85.795,383.67
2026-08-11 16:00:00,85.795,86.149,85.656,86.126,623.72
2026-08-11 16:30:00,86.15,86.2,85.545,85.863,346.69
2026-08-11 17:00:00,85.868,86.055,85.607,85.665,565.9
2026-08-11 17:30:00,85.614,85.776,85.148,85.64,346.24
2026-08-11 18:00:00,85.489,86.149,85.331,86.149,356.85
2026-08-11 18:30:00,86.128,86.199,85.859,86.156,373.74
2026-08-11 19:00:00,86.147,86.18,84.853,85.048,948.9
2026-08-11 19:30:00,84.973,85.439,84.973,85.195,379.47
2026-08-11 20:00:00,85.196,85.2,85.056,85.2,272.25
2026-08-11 20:30:00,85.19,85.271,85.159,85.238,322.37
2026-08-11 21:00:00,85.163,85.768,85.159,85.751,380.51
2026-08-11 21:30:00,85.731,86.366,85.731,86.348,1454.38
2026-08-11 22:00:00,86.347,86.445,85.629,85.709,486.37
2026-08-11 22:30:00,85.726,86.903,85.72,86.884,829.78
2026-08-11 23:00:00,86.766,87.289,86.727,87.24,616.66
2026-08-11 23:30:00,87.179,87.76,86.941,87.322,1474.32
2026-08-12 00:00:00,87.31,87.724,87.0,87.086,773.73
2026-08-12 00:30:00,87.115,87.67,86.956,86.956,472.75
2026-08-12 01:00:00,86.962,87.199,86.605,86.832,338.85
2026-08-12 01:30:00,86.833,87.7,86.776,86.902,743.57
2026-08-12 02:00:00,86.856,87.455,86.455,87.453,540.84
2026-08-12 02:30:00,87.374,87.478,86.365,86.693,218.64
2026-08-12 03:00:00,86.582,87.401,86.453,86.966,394.82
2026-08-12 03:30:00,86.846,87.749,86.211,86.651,1276.38
2026-08-12 04:00:00,86.651,87.9,86.372,87.803,1488.01
2026-08-12 04:30:00,87.704,87.94,86.663,87.277,1326.93
2026-08-12 05:00:00,87.16,88.0,86.64,87.86,1376.17
2026-08-12 05:30:00,87.801,88.0,87.013,87.872,931.31
2026-08-12 06:00:00,87.904,88.0,86.94,87.201,658.21
2026-08-12 06:30:00,87.081,87.36,86.79,87.01,1997.85
2026-08-12 07:00:00,87.0,88.0,87.0,87.848,194.15
2026-08-12 07:30:00,87.822,88.015,87.585,87.932,333.6
2026-08-12 08:00:00,87.934,87.978,87.687,87.71,179.6
2026-08-12 08:30:00,87.709,88.015,87.631,87.702,182.29
2026-08-12 09:00:00,87.702,87.702,87.6,87.6,407.22
2026-08-12 09:30:00,87.608,87.608,87.217,87.571,488.63
2026-08-12 10:00:00,87.571,87.608,87.408,87.503,125.07
2026-08-12 10:30:00,87.608,87.608,86.985,87.149,177.98
2026-08-12 11:00:00,87.042,87.897,86.887,87.677,492.6
2026-08-12 11:30:00,87.673,87.976,87.46,87.573,408.72
2026-08-12 12:00:00,87.573,87.736,87.497,87.565,186.07
2026-08-12 12:30:00,87.694,87.772,87.532,87.599,79.77
2026-08-12 13:00:00,87.553,87.6,87.494,87.548,85.25
2026-08-12 13:30:00,87.549,87.812,87.476,87.76,354.23
2026-08-12 14:00:00,87.76,87.94,87.538,87.724,491.3
2026-08-12 14:30:00,87.683,87.874,87.535,87.685,139.56
2026-08-12 15:00:00,87.754,87.879,87.649,87.768,131.5
2026-08-12 15:30:00,87.778,88.0,87.579,87.759,422.24
2026-08-12 16:00:00,87.819,88.0,87.609,87.831,191.07
2026-08-12 16:30:00,87.811,87.846,87.47,87.74,249.33
2026-08-12 17:00:00,87.694,87.827,87.55,87.649,298.31
2026-08-12 17:30:00,87.659,87.805,87.6,87.804,245.33
2026-08-12 18:00:00,87.78,88.098,87.73,87.879,653.97
2026-08-12 18:30:00,87.844,88.113,87.794,87.869,345.17
2026-08-12 19:00:00,87.834,88.029,87.57,87.616,321.1
2026-08-12 19:30:00,87.603,87.91,87.4,87.765,1237.84
2026-08-12 20:00:00,87.699,88.0,87.33,87.999,381.0
2026-08-12 20:30:00,87.929,87.999,87.296,87.452,449.41
2026-08-12 21:00:00,87.468,87.88,87.292,87.517,330.04
2026-08-12 21:30:00,87.514,87.88,87.335,87.88,479.01
2026-08-12 22:00:00,87.779,88.123,86.76,87.159,1464.65
2026-08-12 22:30:00,87.211,87.219,85.467,86.706,2899.04
2026-08-12 23:00:00,86.874,87.442,86.693,87.321,1175.62
2026-08-12 23:30:00,87.321,87.537,86.585,86.846,883.04
2026-08-13 00:00:00,86.695,87.557,86.695,87.553,396.56
2026-08-13 00:30:00,87.493,88.0,86.951,87.646,1167.52
2026-08-13 01:00:00,87.695,88.123,87.217,87.911,679.07
2026-08-13 01:30:00,87.991,88.123,86.451,87.806,2523.58
2026-08-13 02:00:00,87.837,88.107,87.641,88.069,603.15
2026-08-13 02:30:00,88.052,88.316,88.05,88.272,1985.39
2026-08-13 03:00:00,88.272,88.421,88.214,88.3,983.89
2026-08-13 03:30:00,88.3,88.421,88.29,88.29,902.47
2026-08-13 04:00:00,88.29,88.42,88.005,88.4,988.23
2026-08-13 04:30:00,88.4,88.5,88.044,88.414,592.66
2026-08-13 05:00:00,88.423,88.5,87.852,88.075,852.42
2026-08-13 05:30:00,88.089,88.277,87.981,88.2,907.35
2026-08-13 06:00:00,88.176,88.2,88.027,88.2,356.37
2026-08-13 06:30:00,88.191,88.2,88.0,88.2,191.95
2026-08-13 07:00:00,88.2,88.3,88.121,88.3,913.83
2026-08-13 07:30:00,88.285,88.525,88.243,88.525,234.87
2026-08-13 08:00:00,88.515,88.631,88.39,88.55,530.83
2026-08-13 08:30:00,88.55,88.632,88.315,88.63,390.27
2026-08-13 09:00:00,88.617,89.752,88.612,89.45,2530.66
2026-08-13 09:30:00,89.466,89.997,89.0,89.156,2505.75
2026-08-13 10:00:00,89.081,89.799,89.0,89.558,1029.9
2026-08-13 10:30:00,89.621,89.979,89.0,89.495,913.24
2026-08-13 11:00:00,89.495,89.496,89.039,89.306,397.59
2026-08-13 11:30:00,89.278,89.338,88.6,89.267,587.02
2026-08-13 12:00:00,89.243,89.265,89.053,89.169,308.4
2026-08-13 12:30:00,89.169,89.169,89.053,89.138,317.26
2026-08-13 13:00:00,89.147,89.999,89.147,89.998,929.28
2026-08-13 13:30:00,89.95,90.5,89.714,90.295,1517.25
2026-08-13 14:00:00,90.363,90.76,90.058,90.76,1321.06
2026-08-13 14:30:00,90.712,91.8,90.681,90.807,1340.78
2026-08-13 15:00:00,90.795,91.35,90.767,91.273,1348.49
2026-08-13 15:30:00,91.302,92.646,90.319,92.39,4260.06
2026-08-13 16:00:00,92.415,94.0,92.12,93.127,6888.59
2026-08-13 16:30:00,93.189,93.506,92.2,92.869,1176.89
2026-08-13 17:00:00,92.882,93.0,88.0,89.223,3413.9
2026-08-13 17:30:00,89.332,90.333,88.408,90.315,1871.58
2026-08-13 18:00:00,90.323,90.653,86.147,88.4,4437.01
2026-08-13 18:30:00,88.399,89.91,86.0,89.168,3038.55
2026-08-13 19:00:00,89.168,89.416,86.634,87.385,1480.6
2026-08-13 19:30:00,87.435,88.62,86.961,88.553,464.34
2026-08-13 20:00:00,88.49,89.041,87.874,88.946,422.94
2026-08-13 20:30:00,88.945,89.499,88.715,89.28,1037.97
2026-08-13 21:00:00,89.277,89.6,88.879,89.295,683.08
2026-08-13 21:30:00,89.296,90.194,89.0,89.174,766.26
2026-08-13 22:00:00,89.173,89.175,88.899,89.117,383.53
2026-08-13 22:30:00,89.114,89.838,88.898,89.21,505.06
2026-08-13 23:00:00,89.235,89.627,89.154,89.427,653.76
2026-08-13 23:30:00,89.397,89.448,88.891,89.088,890.28
2026-08-14 00:00:00,89.099,89.106,88.798,89.103,472.44
2026-08-14 00:30:00,89.084,90.734,88.797,89.91,1245.39
2026-08-14 01:00:00,89.909,92.269,89.371,92.02,1339.42
2026-08-14 01:30:00,92.02,92.387,91.939,92.038,921.64
2026-08-14 02:00:00,92.037,92.298,91.432,91.95,1244.06
2026-08-14 02:30:00,91.82,92.8,90.927,92.241,530.74
2026-08-14 03:00:00,92.241,92.803,91.818,92.136,1063.35
2026-08-14 03:30:00,92.126,92.251,91.776,92.14,291.94
2026-08-14 04:00:00,92.124,92.99,91.794,92.823,583.68
2026-08-14 04:30:00,92.769,92.99,92.672,92.817,329.1
2026-08-14 05:00:00,92.917,92.93,92.197,92.73,302.86
2026-08-14 05:30:00,92.706,93.333,92.331,93.3,531.62
2026-08-14 06:00:00,93.3,93.332,90.487,92.025,1367.46
2026-08-14 06:30:00,91.985,91.997,91.151,91.284,299.34
2026-08-14 07:00:00,91.284,91.349,90.288,91.097,372.2
2026-08-14 07:30:00,91.197,91.347,90.791,91.091,231.73
2026-08-14 08:00:00,91.087,91.38,90.807,91.154,525.56
2026-08-14 08:30:00,91.199,91.423,90.755,91.42,255.58
2026-08-14 09:00:00,91.393,91.603,90.949,91.314,157.19
2026-08-14 09:30:00,91.389,91.522,90.89,91.268,433.45
2026-08-14 10:00:00,91.314,91.35,91.0,91.126,581.27
2026-08-14 10:30:00,91.085,91.262,90.205,90.664,419.35
2026-08-14 11:00:00,90.581,90.7,90.171,90.234,256.74
2026-08-14 11:30:00,90.161,90.676,90.052,90.512,538.14
2026-08-14 12:00:00,90.41,90.665,90.016,90.163,798.99
2026-08-14 12:30:00,90.222,90.837,89.97,90.161,936.99
2026-08-14 13:00:00,90.178,90.326,89.197,89.6,680.5
2026-08-14 13:30:00,89.602,90.333,89.416,90.303,288.25
2026-08-14 14:00:00,90.306,90.791,89.9,90.485,208.2
2026-08-14 14:30:00,90.573,91.45,90.537,91.213,675.29
2026-08-14 15:00:00,91.283,91.496,90.117,90.233,333.97
2026-08-14 15:30:00,90.247,90.9,90.102,90.614,252.03
2026-08-14 16:00:00,90.543,90.741,90.208,90.417,379.39
2026-08-14 16:30:00,90.505,91.616,90.351,91.474,503.63
2026-08-14 17:00:00,91.55,93.0,91.189,92.721,810.16
2026-08-14 17:30:00,92.84,93.044,92.799,92.833,900.71
2026-08-14 18:00:00,92.96,93.028,92.194,92.609,1156.6
2026-08-14 18:30:00,92.59,92.807,92.194,92.462,486.09
2026-08-14 19:00:00,92.486,93.201,92.268,93.189,627.77
2026-08-14 19:30:00,93.189,93.438,92.888,93.375,729.34
2026-08-14 20:00:00,93.35,93.6,93.284,93.597,949.86
2026-08-14 20:30:00,93.575,94.25,92.961,93.817,2817.82
2026-08-14 21:00:00,93.819,94.241,93.48,94.224,1533.41
2026-08-14 21:30:00,94.223,94.236,92.807,93.419,1210.99
2026-08-14 22:00:00,93.503,95.353,93.385,95.051,5641.49
2026-08-14 22:30:00,95.08,95.257,94.579,94.757,1298.91
2026-08-14 23:00:00,94.743,95.138,94.263,95.115,926.4
2026-08-14 23:30:00,95.058,95.087,94.322,94.776,583.61
2026-08-15 00:00:00,94.953,95.138,94.263,94.38,2459.52
2026-08-15 00:30:00,94.379,94.633,89.829,90.024,10932.81
2026-08-15 01:00:00,90.013,92.148,89.614,92.1,2826.7
2026-08-15 01:30:00,92.089,93.334,91.81,92.503,841.49
2026-08-15 02:00:00,92.625,93.888,92.624,93.777,591.62
2026-08-15 02:30:00,93.777,94.499,93.738,94.462,970.27
2026-08-15 03:00:00,94.462,94.5,93.794,93.896,688.78
2026-08-15 03:30:00,93.899,94.225,93.739,94.158,468.21
2026-08-15 04:00:00,94.192,94.224,93.8,94.17,278.96
2026-08-15 04:30:00,94.189,94.435,93.813,94.194,506.47
2026-08-15 05:00:00,94.214,94.313,93.636,93.824,827.13
2026-08-15 05:30:00,93.637,94.124,93.552,94.039,731.86
2026-08-15 06:00:00,94.146,94.646,93.734,94.512,352.2
2026-08-15 06:30:00,94.54,94.98,94.388,94.921,305.08
2026-08-15 07:00:00,94.918,94.98,94.67,94.94,343.54
2026-08-15 07:30:00,94.888,94.956,93.533,94.121,348.73
2026-08-15 08:00:00,94.19,94.557,93.521,94.274,256.19
2026-08-15 08:30:00,94.385,94.52,93.503,93.68,272.37
2026-08-15 09:00:00,93.576,93.764,93.497,93.733,75.96
2026-08-15 09:30:00,93.733,93.88,93.546,93.879,48.42
2026-08-15 10:00:00,93.808,94.089,93.534,93.8,128.84
2026-08-15 10:30:00,93.8,95.0,93.503,93.797,421.17
2026-08-15 11:00:00,93.831,94.687,93.647,93.847,305.1
2026-08-15 11:30:00,93.67,95.0,93.455,94.829,698.8
2026-08-15 12:00:00,94.701,96.154,94.606,95.69,4063.34
2026-08-15 12:30:00,95.64,95.726,95.177,95.366,363.26
2026-08-15 13:00:00,95.267,95.368,94.651,94.732,251.15
2026-08-15 13:30:00,94.744,94.9,94.501,94.652,129.17
2026-08-15 14:00:00,94.66,94.86,93.788,94.16,288.15
2026-08-15 14:30:00,94.124,94.352,93.908,94.183,160.86
2026-08-15 15:00:00,94.187,94.759,93.92,94.159,257.4
2026-08-15 15:30:00,94.159,94.428,93.747,93.891,160.75
2026-08-15 16:00:00,93.887,94.367,93.851,94.009,59.45
2026-08-15 16:30:00,93.964,94.058,93.545,93.673,136.87
2026-08-15 17:00:00,93.694,93.833,93.412,93.639,204.96
2026-08-15 17:30:00,93.64,94.172,93.639,94.011,50.49
2026-08-15 18:00:00,94.002,94.316,93.684,93.987,156.74
2026-08-15 18:30:00,93.938,94.101,93.565,93.799,130.73
2026-08-15 19:00:00,93.779,94.091,93.5,93.946,171.44
2026-08-15 19:30:00,93.947,94.031,93.5,93.746,204.92
2026-08-15 20:00:00,93.718,94.249,93.5,94.027,157.46
2026-08-15 20:30:00,94.001,94.2,93.666,93.887,162.72
2026-08-15 21:00:00,93.886,94.148,93.747,94.012,74.87
2026-08-15 21:30:00,93.996,94.2,93.693,94.113,84.24
2026-08-15 22:00:00,94.084,94.87,93.909,94.533,305.41
2026-08-15 22:30:00,94.509,94.9,94.0,94.494,227.63
2026-08-15 23:00:00,94.481,94.664,94.31,94.53,75.8
2026-08-15 23:30:00,94.45,94.557,94.0,94.172,135.64
2026-08-16 00:00:00,94.192,94.4,93.985,94.081,119.19
2026-08-16 00:30:00,94.004,94.135,93.938,94.012,117.78
2026-08-16 01:00:00,94.012,94.131,93.894,94.059,233.31
2026-08-16 01:30:00,94.059,94.394,93.994,94.223,75.26
2026-08-16 02:00:00,94.223,94.5,94.05,94.295,129.65
2026-08-16 02:30:00,94.407,94.535,93.994,94.336,135.15
2026-08-16 03:00:00,94.327,94.535,94.215,94.535,225.06
2026-08-16 03:30:00,94.535,94.535,94.44,94.535,67.28
2026-08-16 04:00:00,94.535,94.535,94.195,94.397,142.04
2026-08-16 04:30:00,94.393,94.535,94.195,94.38,105.08
2026-08-16 05:00:00,94.409,94.535,94.23,94.503,98.23
2026-08-16 05:30:00,94.53,94.535,93.994,94.071,129.61
2026-08-16 06:00:00,94.045,94.509,93.896,94.477,114.48
2026-08-16 06:30:00,94.477,94.515,94.206,94.515,118.34
2026-08-16 07:00:00,94.515,94.818,94.422,94.502,317.08
2026-08-16 07:30:00,94.811,95.188,94.564,95.07,248.35
2026-08-16 08:00:00,95.03,95.5,94.422,94.983,609.77
2026-08-16 08:30:00,94.917,94.984,93.36,93.431,1582.44
2026-08-16 09:00:00,93.44,93.73,93.21,93.416,503.04
2026-08-16 09:30:00,93.396,94.455,93.374,94.388,237.82
2026-08-16 10:00:00,94.551,94.551,93.958,94.363,108.29
2026-08-16 10:30:00,94.363,95.144,94.16,94.908,239.12
2026-08-16 11:00:00,95.017,95.017,94.091,94.713,315.17
2026-08-16 11:30:00,94.714,94.724,94.06,94.607,204.09
2026-08-16 12:00:00,94.581,94.724,94.2,94.47,149.18
2026-08-16 12:30:00,94.454,94.655,94.212,94.513,148.55
2026-08-16 13:00:00,94.481,94.541,94.06,94.397,167.44
2026-08-16 13:30:00,94.396,94.425,94.06,94.416,131.96
2026-08-16 14:00:00,94.415,94.527,94.06,94.172,205.9
2026-08-16 14:30:00,94.134,94.341,93.6,94.341,364.91
2026-08-16 15:00:00,94.34,94.969,94.027,94.52,295.25
2026-08-16 15:30:00,94.518,94.876,93.555,94.149,211.25
2026-08-16 16:00:00,94.167,94.188,93.79,93.959,112.75
2026-08-16 16:30:00,93.947,94.34,93.712,94.275,108.38
2026-08-16 17:00:00,94.258,94.477,93.866,94.42,89.58
2026-08-16 17:30:00,94.367,94.748,94.074,94.641,127.61
2026-08-16 18:00:00,94.61,94.749,94.128,94.248,104.6
2026-08-16 18:30:00,94.258,94.347,94.05,94.078,96.16
2026-08-16 19:00:00,94.062,94.3,93.0,93.658,466.96
2026-08-16 19:30:00,93.653,94.011,93.0,93.475,580.86
2026-08-16 20:00:00,93.471,93.852,93.111,93.147,469.05
2026-08-16 20:30:00,93.147,94.035,93.0,93.486,616.06
2026-08-16 21:00:00,93.486,93.765,93.0,93.44,793.59
2026-08-16 21:30:00,93.438,94.922,93.092,94.207,1943.23
2026-08-16 22:00:00,94.282,94.338,93.854,94.111,207.88
2026-08-16 22:30:00,94.057,94.811,93.971,94.384,487.69
2026-08-16 23:00:00,94.395,94.86,93.77,94.021,784.75
2026-08-16 23:30:00,94.021,94.449,93.992,94.331,70.47
2026-08-17 00:00:00,94.186,94.354,93.988,94.156,72.98
2026-08-17 00:30:00,94.156,94.157,93.926,94.022,41.17
2026-08-17 01:00:00,94.022,94.022,93.577,93.808,125.58
2026-08-17 01:30:00,93.809,93.809,93.602,93.779,49.43
2026-08-17 02:00:00,93.78,94.015,93.118,93.908,397.4
2026-08-17 02:30:00,93.905,93.95,92.949,93.95,268.95
2026-08-17 03:00:00,93.948,93.968,93.46,93.532,137.53
2026-08-17 03:30:00,93.636,94.022,93.559,93.804,224.67
2026-08-17 04:00:00,93.923,94.022,93.382,94.001,128.18
2026-08-17 04:30:00,94.019,94.021,93.634,93.944,92.47
2026-08-17 05:00:00,93.944,93.944,93.647,93.809,101.54
2026-08-17 05:30:00,93.81,93.945,93.601,93.939,75.98
2026-08-17 06:00:00,93.939,94.398,93.503,94.353,422.44
2026-08-17 06:30:00,94.353,94.425,93.612,94.272,294.56
2026-08-17 07:00:00,94.273,94.337,94.122,94.122,23.93
2026-08-17 07:30:00,94.17,94.337,93.798,94.176,66.82
2026-08-17 08:00:00,94.317,94.317,93.182,93.421,508.07
2026-08-17 08:30:00,93.529,93.68,93.148,93.148,504.05
2026-08-17 09:00:00,93.246,93.372,92.82,92.82,1327.8
2026-08-17 09:30:00,92.899,92.964,92.454,92.795,1394.89
2026-08-17 10:00:00,92.81,93.076,92.393,92.904,767.11
2026-08-17 10:30:00,92.954,95.035,92.728,94.798,1483.61
2026-08-17 11:00:00,94.799,94.867,93.98,94.077,483.83
2026-08-17 11:30:00,94.045,95.0,93.98,94.607,283.97
2026-08-17 12:00:00,94.678,94.815,94.45,94.72,194.13
2026-08-17 12:30:00,94.737,95.4,94.7,95.361,1391.8
2026-08-17 13:00:00,95.396,95.7,95.24,95.6,802.57
2026-08-17 13:30:00,95.644,96.503,95.6,96.431,2203.33
2026-08-17 14:00:00,96.498,96.873,96.283,96.688,1463.44
2026-08-17 14:30:00,96.687,96.8,96.026,96.74,1114.74
2026-08-17 15:00:00,96.74,97.239,96.74,97.208,1764.06
2026-08-17 15:30:00,97.208,98.303,97.001,97.741,4651.64
2026-08-17 16:00:00,97.74,97.993,96.883,97.455,609.99
2026-08-17 16:30:00,97.476,98.315,97.103,98.293,1011.36
2026-08-17 17:00:00,98.279,99.99,98.131,99.402,6273.89
2026-08-17 17:30:00,99.45,99.99,98.8,99.033,2104.82
2026-08-17 18:00:00,99.025,99.318,98.463,98.781,1045.01
2026-08-17 18:30:00,98.864,99.045,98.363,98.935,232.64
2026-08-17 19:00:00,98.999,101.0,98.858,99.597,3217.44
2026-08-17 19:30:00,99.598,104.99,99.592,104.59,9861.64
2026-08-17 20:00:00,104.4,106.62,102.45,104.24,17503.19
2026-08-17 20:30:00,104.17,106.79,102.79,103.41,10328.32
2026-08-17 21:00:00,103.57,104.5,102.22,104.4,3739.69
2026-08-17 21:30:00,104.25,105.34,102.88,103.6,1762.08
2026-08-17 22:00:00,103.56,103.6,98.0,98.34,8616.09
2026-08-17 22:30:00,98.264,99.387,98.001,98.913,3408.48
2026-08-17 23:00:00,98.856,102.18,98.273,99.565,4256.88
2026-08-17 23:30:00,99.504,100.79,98.915,98.987,2025.24
2026-08-18 00:00:00,98.988,99.1,97.549,97.979,3286.65
2026-08-18 00:30:00,97.979,98.573,97.7,98.484,1192.45
2026-08-18 01:00:00,98.475,100.39,97.922,99.9,1818.05
2026-08-18 01:30:00,99.839,100.69,99.627,99.814,953.16
2026-08-18 02:00:00,99.871,103.45,99.728,103.2,4126.43
2026-08-18 02:30:00,103.16,105.69,103.07,105.12,4848.19
2026-08-18 03:00:00,105.0,106.91,104.48,104.59,4532.54
2026-08-18 03:30:00,104.59,104.78,103.88,103.91,1578.21
2026-08-18 04:00:00,104.03,104.39,103.61,103.61,701.98
2026-08-18 04:30:00,103.7,104.18,103.5,103.72,370.24
2026-08-18 05:00:00,103.86,104.0,103.63,103.94,302.71
2026-08-18 05:30:00,103.93,104.0,103.39,103.83,259.86
2026-08-18 06:00:00,103.82,103.89,102.85,103.06,261.72
2026-08-18 06:30:00,103.01,103.48,102.87,103.3,212.15
2026-08-18 07:00:00,103.3,104.55,102.9,103.97,530.72
2026-08-18 07:30:00,104.11,104.46,103.48,103.67,348.69
2026-08-18 08:00:00,103.61,105.87,102.61,103.4,867.34
2026-08-18 08:30:00,103.28,103.98,100.88,101.59,1643.08
2026-08-18 09:00:00,101.59,102.64,101.4,102.58,473.58
2026-08-18 09:30:00,102.64,103.29,102.14,102.52,804.81
2026-08-18 10:00:00,102.57,105.74,102.36,105.52,1968.37
2026-08-18 10:30:00,105.54,106.06,99.7,100.37,8728.25
2026-08-18 11:00:00,100.37,101.64,100.16,100.81,1409.61
2026-08-18 11:30:00,100.89,101.65,100.59,101.41,369.8
2026-08-18 12:00:00,101.5,101.63,100.97,100.99,326.96
2026-08-18 12:30:00,100.98,101.67,100.97,101.13,310.1
2026-08-18 13:00:00,101.01,103.23,101.0,102.07,775.31
2026-08-18 13:30:00,101.99,102.07,99.625,99.898,1171.72
2026-08-18 14:00:00,99.821,100.58,98.95,100.02,798.49
2026-08-18 14:30:00,100.01,104.32,96.116,98.196,5264.67
2026-08-18 15:00:00,98.4,101.55,96.987,100.05,6780.15
2026-08-18 15:30:00,100.12,101.22,99.019,99.661,1285.71
2026-08-18 16:00:00,99.661,100.69,99.0,100.3,1456.68
2026-08-18 16:30:00,100.42,100.83,99.0,99.868,578.66
2026-08-18 17:00:00,99.863,100.79,99.307,100.65,361.8
2026-08-18 17:30:00,100.65,100.9,100.33,100.83,1112.65
2026-08-18 18:00:00,100.83,101.22,100.36,100.63,632.42
2026-08-18 18:30:00,100.63,101.6,100.48,101.03,789.58
2026-08-18 19:00:00,101.06,101.49,100.52,100.71,589.4
2026-08-18 19:30:00,100.61,100.61,98.916,99.789,1574.27
2026-08-18 20:00:00,99.8,101.6,99.719,101.55,1006.84
2026-08-18 20:30:00,101.42,102.57,100.94,102.01,1863.72
2026-08-18 21:00:00,102.04,103.4,101.0,101.9,2121.63
2026-08-18 21:30:00,101.88,102.21,99.06,100.68,2683.27
2026-08-18 22:00:00,100.68,101.68,100.41,100.98,1343.14
2026-08-18 22:30:00,101.02,102.46,99.6,99.817,1949.13
2026-08-18 23:00:00,99.921,99.953,99.0,99.596,1131.88
2026-08-18 23:30:00,99.716,100.34,99.476,100.09,1275.44
2026-08-19 00:00:00,100.09,101.46,99.374,99.702,2104.06
2026-08-19 00:30:00,99.689,100.64,99.05,99.684,681.96
2026-08-19 01:00:00,99.628,100.22,99.0,99.502,669.59
2026-08-19 01:30:00,99.502,99.567,98.1,98.772,1651.14
2026-08-19 02:00:00,98.766,98.9,98.0,98.113,566.29
2026-08-19 02:30:00,98.087,99.036,98.0,98.623,502.71
2026-08-19 03:00:00,98.553,98.849,98.0,98.62,454.23
2026-08-19 03:30:00,98.614,98.632,98.565,98.565,300.95
2026-08-19 04:00:00,98.565,98.632,98.02,98.307,572.09
2026-08-19 04:30:00,98.489,98.699,98.0,98.471,580.47
2026-08-19 05:00:00,98.456,98.456,96.66,97.5,1094.5
2026-08-19 05:30:00,97.501,97.67,96.0,96.058,1597.43
2026-08-19 06:00:00,96.004,96.605,96.0,96.549,522.19
2026-08-19 06:30:00,96.549,96.605,95.68,96.526,740.55
2026-08-19 07:00:00,96.539,98.136,96.5,97.323,1620.73
2026-08-19 07:30:00,97.239,98.382,95.79,96.888,2580.81
2026-08-19 08:00:00,96.889,99.186,96.7,98.422,1781.82
2026-08-19 08:30:00,98.413,99.54,97.068,97.316,2938.74
2026-08-19 09:00:00,97.387,112.5,95.68,112.5,45966.76
2026-08-19 09:30:00,112.5,143.8,112.5,128.78,237975.61
2026-08-19 10:00:00,128.69,134.3,128.29,128.94,41391.39
