datetime_utc,timestamp_ms,open,high,low,close,volume_shares,volume_usd,trade_count
2026-07-24 00:30:00+00:00,1784853000000,1246.7,1246.9,1233.7,1242.9,8495.467,10559015.934300002,5342
2026-07-24 00:45:00+00:00,1784853900000,1243.2,1252.9,1241.7,1249.6,6106.186,7630290.025599999,3638
2026-07-24 01:00:00+00:00,1784854800000,1249.3,1267.9,1248.3,1253.8,6016.568,7543572.9584,4255
2026-07-24 01:15:00+00:00,1784855700000,1253.5,1267.9,1251.6,1257.7,3534.018,4444734.4386,2650
2026-07-24 01:30:00+00:00,1784856600000,1257.4,1266.2,1256.3,1262.3,2932.115,3701208.7644999996,2253
2026-07-24 01:45:00+00:00,1784857500000,1261.6,1261.6,1247.0,1247.4,2336.571,2914638.6654000003,1642
2026-07-24 02:00:00+00:00,1784858400000,1247.8,1250.1,1241.8,1247.1,3578.884,4463226.2364,2888
2026-07-24 02:15:00+00:00,1784859300000,1246.9,1247.1,1236.4,1238.8,3842.547,4760147.2236,2341
2026-07-24 02:30:00+00:00,1784860200000,1238.9,1241.1,1221.8,1222.3,5313.407,6494577.3761,3753
2026-07-24 02:45:00+00:00,1784861100000,1222.0,1224.4,1214.3,1216.7,9466.402,11517771.3134,4854
2026-07-24 03:00:00+00:00,1784862000000,1216.8,1225.2,1215.8,1221.8,4624.973,5650792.0114,3697
2026-07-24 03:15:00+00:00,1784862900000,1221.8,1226.4,1218.1,1224.1,6413.009,7850164.316899999,3852
2026-07-24 03:30:00+00:00,1784863800000,1224.2,1224.4,1217.0,1220.2,4106.557,5010820.8514,2508
2026-07-24 03:45:00+00:00,1784864700000,1219.8,1221.0,1206.4,1208.9,3789.932,4581648.7948,2122
2026-07-24 04:00:00+00:00,1784865600000,1209.3,1215.7,1202.2,1203.3,7508.722,9035245.182599999,4356
2026-07-24 04:15:00+00:00,1784866500000,1203.4,1220.0,1202.5,1217.9,5496.675,6694400.482500001,3320
2026-07-24 04:30:00+00:00,1784867400000,1218.0,1219.0,1203.8,1206.5,3623.688,4371979.572,2457
2026-07-24 04:45:00+00:00,1784868300000,1206.6,1213.8,1202.7,1213.5,6143.476,7455108.125999999,2984
2026-07-24 05:00:00+00:00,1784869200000,1213.2,1230.2,1207.4,1228.3,9771.809,12002712.994699998,4470
2026-07-24 05:15:00+00:00,1784870100000,1228.3,1232.0,1218.0,1220.0,6853.252,8360967.44,4177
2026-07-24 05:30:00+00:00,1784871000000,1219.8,1227.7,1218.7,1222.9,4955.572,6060168.9988,2737
2026-07-24 05:45:00+00:00,1784871900000,1222.6,1225.7,1212.3,1214.7,2949.96,3583316.412,1915
2026-07-24 06:00:00+00:00,1784872800000,1214.8,1214.8,1203.3,1204.8,5627.359,6779842.1232,3002
2026-07-24 06:15:00+00:00,1784873700000,1205.2,1207.1,1200.9,1204.4,6504.35,7833839.140000001,3982
2026-07-24 06:30:00+00:00,1784874600000,1204.7,1214.8,1204.4,1213.4,5160.836,6262158.402400001,3230
2026-07-24 06:45:00+00:00,1784875500000,1213.4,1216.1,1210.3,1214.5,3375.977,4100124.0664999997,3137
2026-07-24 07:00:00+00:00,1784876400000,1214.5,1224.9,1214.5,1224.1,4104.721,5024588.976099999,4687
2026-07-24 07:15:00+00:00,1784877300000,1224.0,1226.2,1221.7,1223.6,2648.147,3240272.6692,3021
2026-07-24 07:30:00+00:00,1784878200000,1223.5,1226.3,1219.1,1219.5,2431.224,2964877.668,2352
2026-07-24 07:45:00+00:00,1784879100000,1219.7,1223.7,1218.6,1220.6,2788.18,3403252.5079999994,2679
2026-07-24 08:00:00+00:00,1784880000000,1220.3,1221.7,1215.2,1216.2,5048.003,6139381.2486,3980
2026-07-24 08:15:00+00:00,1784880900000,1216.2,1221.1,1216.1,1219.6,2851.987,3478283.3452,2442
2026-07-24 08:30:00+00:00,1784881800000,1219.6,1224.2,1219.0,1222.4,1969.194,2407142.7456,2042
2026-07-24 08:45:00+00:00,1784882700000,1222.4,1222.7,1218.9,1221.4,1724.014,2105710.6996,1138
2026-07-24 09:00:00+00:00,1784883600000,1221.6,1225.5,1220.6,1224.2,1573.109,1925800.0378,1780
2026-07-24 09:15:00+00:00,1784884500000,1224.0,1224.6,1220.5,1221.3,1619.886,1978366.7718,1594
2026-07-24 09:30:00+00:00,1784885400000,1221.3,1225.1,1219.6,1224.1,1245.219,1524272.5779,1142
2026-07-24 09:45:00+00:00,1784886300000,1224.1,1229.3,1223.6,1229.3,1365.697,1678851.3220999998,1272
2026-07-24 10:00:00+00:00,1784887200000,1229.3,1230.4,1224.7,1225.6,1607.363,1969984.0928,1202
2026-07-24 10:15:00+00:00,1784888100000,1225.3,1228.7,1224.6,1226.1,1154.986,1416128.3346,961
2026-07-24 10:30:00+00:00,1784889000000,1226.2,1226.9,1218.7,1220.2,2451.521,2991345.9242000002,1560
2026-07-24 10:45:00+00:00,1784889900000,1220.2,1220.5,1216.5,1219.8,1606.316,1959384.2567999999,1265
2026-07-24 11:00:00+00:00,1784890800000,1219.8,1223.5,1217.6,1221.7,1937.45,2366982.665,1336
2026-07-24 11:15:00+00:00,1784891700000,1221.6,1224.8,1220.2,1224.1,522.365,639426.9965,778
2026-07-24 11:30:00+00:00,1784892600000,1223.8,1224.0,1220.2,1220.3,796.021,971384.4262999999,1064
2026-07-24 11:45:00+00:00,1784893500000,1220.2,1229.5,1218.9,1227.0,1003.698,1231537.446,1172
2026-07-24 12:00:00+00:00,1784894400000,1226.9,1232.0,1221.6,1231.5,1392.745,1715165.4674999998,1292
2026-07-24 12:15:00+00:00,1784895300000,1231.7,1234.2,1229.7,1231.3,1351.028,1663520.7763999999,1198
2026-07-24 12:30:00+00:00,1784896200000,1231.3,1232.9,1223.2,1223.6,1162.401,1422313.8636,994
2026-07-24 12:45:00+00:00,1784897100000,1223.3,1224.1,1217.8,1218.6,2084.03,2539598.958,1271
2026-07-24 13:00:00+00:00,1784898000000,1218.4,1219.7,1214.2,1217.2,1423.053,1732140.1116000002,1540
2026-07-24 13:15:00+00:00,1784898900000,1217.1,1220.9,1210.5,1210.9,1653.53,2002259.4770000002,1547
2026-07-24 13:30:00+00:00,1784899800000,1211.1,1217.9,1189.4,1200.8,14012.211,16825862.968799997,8408
2026-07-24 13:45:00+00:00,1784900700000,1200.9,1203.3,1174.8,1177.8,17586.957,20713917.9546,7379
2026-07-24 14:00:00+00:00,1784901600000,1177.9,1183.9,1169.5,1179.5,12125.433,14301948.2235,6400
2026-07-24 14:15:00+00:00,1784902500000,1179.4,1188.9,1168.6,1187.1,10900.279,12939721.2009,5589
2026-07-24 14:30:00+00:00,1784903400000,1187.3,1187.3,1174.3,1179.8,6310.758,7445432.288399999,2811
2026-07-24 14:45:00+00:00,1784904300000,1179.3,1193.9,1178.8,1190.1,5613.914,6681119.051399999,3360
2026-07-24 15:00:00+00:00,1784905200000,1190.2,1195.7,1181.0,1194.3,5815.37,6945296.391,4427
2026-07-24 15:15:00+00:00,1784906100000,1194.3,1197.4,1187.8,1188.4,5493.043,6527932.3012,3629
2026-07-24 15:30:00+00:00,1784907000000,1187.6,1195.4,1185.4,1189.3,5873.48,6985329.7639999995,3996
2026-07-24 15:45:00+00:00,1784907900000,1189.2,1195.9,1188.0,1193.0,3255.191,3883442.863,2516
2026-07-24 16:00:00+00:00,1784908800000,1193.4,1196.9,1190.2,1190.5,4280.068,5095420.954,2874
2026-07-24 16:15:00+00:00,1784909700000,1190.6,1194.0,1187.9,1190.6,2601.944,3097874.5264,1774
2026-07-24 16:30:00+00:00,1784910600000,1190.2,1190.2,1184.5,1186.3,2388.927,2833984.1001,2252
2026-07-24 16:45:00+00:00,1784911500000,1186.1,1186.6,1178.6,1183.0,2160.382,2555731.906,1673
2026-07-24 17:00:00+00:00,1784912400000,1183.2,1183.5,1176.8,1178.3,1263.562,1488855.1045999997,1325
2026-07-24 17:15:00+00:00,1784913300000,1178.0,1185.4,1177.5,1185.2,2010.319,2382630.0788000003,1923
2026-07-24 17:30:00+00:00,1784914200000,1185.1,1187.5,1179.5,1179.9,1287.698,1519354.8702000002,1892
2026-07-24 17:45:00+00:00,1784915100000,1179.9,1183.2,1178.9,1181.1,1139.484,1345844.5523999997,1298
2026-07-24 18:00:00+00:00,1784916000000,1180.4,1181.4,1175.7,1176.5,1492.825,1756308.6125,1506
2026-07-24 18:15:00+00:00,1784916900000,1176.5,1177.2,1169.1,1169.4,1775.398,2076150.4212,2472
2026-07-24 18:30:00+00:00,1784917800000,1169.4,1169.4,1161.0,1165.0,3770.928,4393131.12,3129
2026-07-24 18:45:00+00:00,1784918700000,1165.0,1172.5,1164.6,1170.1,2079.422,2433131.6821999997,1590
2026-07-24 19:00:00+00:00,1784919600000,1170.4,1172.4,1161.9,1162.0,2890.255,3358476.31,1830
2026-07-24 19:15:00+00:00,1784920500000,1162.1,1169.9,1160.9,1167.8,4873.48,5691249.943999999,2872
2026-07-24 19:30:00+00:00,1784921400000,1168.4,1173.9,1167.5,1169.0,2653.758,3102243.102,1706
2026-07-24 19:45:00+00:00,1784922300000,1169.4,1170.4,1165.6,1168.8,3233.857,3779732.0615999997,1997
2026-07-24 20:00:00+00:00,1784923200000,1168.5,1171.5,1166.5,1171.5,2607.555,3054750.6824999996,1580
2026-07-24 20:15:00+00:00,1784924100000,1171.5,1173.7,1170.3,1170.7,930.945,1089857.3115,735
2026-07-24 20:30:00+00:00,1784925000000,1170.5,1170.6,1168.5,1170.5,766.94,897703.27,562
2026-07-24 20:45:00+00:00,1784925900000,1170.5,1173.1,1168.0,1172.2,945.94,1108830.868,608
2026-07-24 21:00:00+00:00,1784926800000,1172.1,1172.2,1167.5,1167.9,459.419,536555.4501,412
2026-07-24 21:15:00+00:00,1784927700000,1167.8,1167.8,1165.0,1166.7,1215.182,1417752.8394000002,1118
2026-07-24 21:30:00+00:00,1784928600000,1166.9,1167.0,1164.0,1165.3,935.573,1090223.2168999999,1157
2026-07-24 21:45:00+00:00,1784929500000,1165.3,1165.5,1160.1,1161.4,1783.945,2071873.723,1875
2026-07-24 22:00:00+00:00,1784930400000,1161.8,1163.3,1160.6,1162.6,790.599,919150.3974,1459
2026-07-24 22:15:00+00:00,1784931300000,1162.7,1164.5,1162.5,1164.5,428.071,498488.6795,709
2026-07-24 22:30:00+00:00,1784932200000,1164.5,1167.0,1164.0,1165.9,628.723,733028.1457,1187
2026-07-24 22:45:00+00:00,1784933100000,1165.9,1169.6,1165.3,1166.5,975.641,1138085.2264999999,864
2026-07-24 23:00:00+00:00,1784934000000,1166.4,1169.7,1165.6,1166.8,966.03,1127163.804,873
2026-07-24 23:15:00+00:00,1784934900000,1166.8,1166.8,1160.3,1163.1,1092.055,1270169.1705,1170
2026-07-24 23:30:00+00:00,1784935800000,1163.3,1163.3,1153.8,1158.8,2245.219,2601759.7772,1870
2026-07-24 23:45:00+00:00,1784936700000,1158.7,1166.5,1157.4,1165.5,2062.191,2403483.6105,1277
2026-07-25 00:00:00+00:00,1784937600000,1165.5,1173.0,1163.6,1169.4,3784.152,4425187.348800001,2908
2026-07-25 00:15:00+00:00,1784938500000,1169.4,1170.3,1162.4,1163.0,1573.701,1830214.263,1038
2026-07-25 00:30:00+00:00,1784939400000,1162.9,1168.7,1162.4,1165.9,497.93,580536.587,618
2026-07-25 00:45:00+00:00,1784940300000,1165.8,1172.6,1165.3,1171.8,1132.361,1326900.6198,996
2026-07-25 01:00:00+00:00,1784941200000,1171.6,1172.3,1170.8,1171.4,367.474,430459.04360000003,611
2026-07-25 01:15:00+00:00,1784942100000,1171.5,1171.8,1169.5,1171.3,162.359,190171.0967,395
2026-07-25 01:30:00+00:00,1784943000000,1171.1,1172.3,1170.8,1171.9,153.064,179375.7016,359
2026-07-25 01:45:00+00:00,1784943900000,1171.5,1171.8,1170.2,1170.2,204.326,239102.2852,403
2026-07-25 02:00:00+00:00,1784944800000,1170.5,1171.1,1167.3,1168.9,585.43,684309.127,752
2026-07-25 02:15:00+00:00,1784945700000,1169.0,1170.6,1168.3,1169.4,288.119,336926.35860000004,440
2026-07-25 02:30:00+00:00,1784946600000,1169.5,1182.5,1169.4,1178.9,1230.444,1450570.4316,1265
2026-07-25 02:45:00+00:00,1784947500000,1177.8,1197.1,1176.1,1183.9,2669.015,3159846.8585,2418
2026-07-25 03:00:00+00:00,1784948400000,1184.0,1192.4,1182.1,1185.8,1628.349,1930896.2441999998,1484
2026-07-25 03:15:00+00:00,1784949300000,1185.7,1188.8,1182.1,1182.1,655.58,774961.118,919
2026-07-25 03:30:00+00:00,1784950200000,1182.0,1185.3,1181.9,1183.9,684.327,810174.7353000001,682
2026-07-25 03:45:00+00:00,1784951100000,1183.9,1188.1,1183.7,1187.7,399.131,474047.8887,568
2026-07-25 04:00:00+00:00,1784952000000,1188.1,1194.6,1187.6,1194.3,611.64,730481.652,668
2026-07-25 04:15:00+00:00,1784952900000,1194.5,1196.7,1189.3,1190.9,799.865,952559.2285000001,930
2026-07-25 04:30:00+00:00,1784953800000,1190.8,1192.7,1188.4,1190.6,483.893,576123.0057999999,553
2026-07-25 04:45:00+00:00,1784954700000,1190.5,1193.6,1187.9,1188.2,916.888,1089446.3216000001,806
2026-07-25 05:00:00+00:00,1784955600000,1188.0,1189.1,1184.8,1185.0,663.413,786144.405,813
2026-07-25 05:15:00+00:00,1784956500000,1185.1,1187.8,1184.6,1186.6,691.2,820177.92,729
2026-07-25 05:30:00+00:00,1784957400000,1186.7,1186.9,1184.9,1186.3,624.274,740576.2461999999,738
2026-07-25 05:45:00+00:00,1784958300000,1186.0,1191.0,1184.4,1189.7,511.219,608197.2443,793
2026-07-25 06:00:00+00:00,1784959200000,1189.8,1192.2,1189.3,1191.9,197.398,235278.67620000002,428
2026-07-25 06:15:00+00:00,1784960100000,1191.6,1192.5,1190.8,1191.8,220.37,262636.966,405
2026-07-25 06:30:00+00:00,1784961000000,1191.6,1193.6,1190.6,1190.8,336.028,400142.1424,452
2026-07-25 06:45:00+00:00,1784961900000,1190.9,1192.4,1190.6,1191.7,61.66,73480.222,210
2026-07-25 07:00:00+00:00,1784962800000,1191.7,1192.0,1190.2,1190.5,328.179,390697.09949999995,624
2026-07-25 07:15:00+00:00,1784963700000,1190.5,1191.4,1188.3,1188.3,447.851,532181.3433,1016
2026-07-25 07:30:00+00:00,1784964600000,1188.5,1190.1,1188.0,1190.0,176.389,209902.91,415
2026-07-25 07:45:00+00:00,1784965500000,1190.0,1190.8,1189.2,1189.6,268.001,318813.9896,287
2026-07-25 08:00:00+00:00,1784966400000,1189.3,1191.3,1188.6,1190.7,212.627,253174.9689,397
2026-07-25 08:15:00+00:00,1784967300000,1190.8,1192.5,1190.5,1191.6,105.286,125458.79759999999,318
2026-07-25 08:30:00+00:00,1784968200000,1191.6,1192.5,1190.9,1191.9,222.263,264915.2697,339
2026-07-25 08:45:00+00:00,1784969100000,1191.9,1192.3,1191.1,1191.6,41.437,49376.32919999999,262
2026-07-25 09:00:00+00:00,1784970000000,1191.5,1191.8,1190.5,1191.4,133.338,158858.8932,267
2026-07-25 09:15:00+00:00,1784970900000,1191.3,1195.1,1191.3,1193.8,171.007,204148.1566,367
2026-07-25 09:30:00+00:00,1784971800000,1193.8,1193.8,1190.3,1192.0,215.92,257376.63999999998,453
2026-07-25 09:45:00+00:00,1784972700000,1192.1,1194.1,1191.5,1194.1,236.85,282822.58499999996,749
2026-07-25 10:00:00+00:00,1784973600000,1194.1,1196.2,1194.0,1196.2,250.605,299773.701,796
2026-07-25 10:15:00+00:00,1784974500000,1196.2,1196.7,1193.9,1195.5,589.922,705251.751,1112
2026-07-25 10:30:00+00:00,1784975400000,1195.6,1196.8,1194.4,1195.1,234.382,280109.92819999997,533
2026-07-25 10:45:00+00:00,1784976300000,1194.9,1195.5,1194.3,1194.3,157.419,188005.5117,229
2026-07-25 11:00:00+00:00,1784977200000,1194.3,1195.5,1194.1,1195.4,59.946,71659.44840000001,218
2026-07-25 11:15:00+00:00,1784978100000,1195.2,1197.4,1194.7,1196.5,337.191,403449.0315,445
2026-07-25 11:30:00+00:00,1784979000000,1196.4,1197.9,1195.9,1196.5,943.181,1128516.0665,684
2026-07-25 11:45:00+00:00,1784979900000,1196.4,1198.7,1196.2,1198.7,218.351,261737.3437,625
2026-07-25 12:00:00+00:00,1784980800000,1198.7,1204.0,1198.6,1202.4,1058.468,1272701.9232,1133
2026-07-25 12:15:00+00:00,1784981700000,1202.6,1203.4,1201.7,1202.1,363.006,436369.51259999996,503
2026-07-25 12:30:00+00:00,1784982600000,1202.2,1202.7,1198.8,1201.2,510.007,612620.4084000001,555
2026-07-25 12:45:00+00:00,1784983500000,1201.0,1201.7,1200.3,1201.5,402.093,483114.7395,411
2026-07-25 13:00:00+00:00,1784984400000,1201.5,1201.9,1200.2,1201.7,390.175,468873.29750000004,421
2026-07-25 13:15:00+00:00,1784985300000,1201.6,1201.7,1199.6,1200.1,745.524,894703.3524,445
2026-07-25 13:30:00+00:00,1784986200000,1200.0,1200.2,1198.0,1199.8,901.418,1081521.3164,757
2026-07-25 13:45:00+00:00,1784987100000,1199.9,1199.9,1196.1,1196.9,495.287,592809.0103,468
2026-07-25 14:00:00+00:00,1784988000000,1197.0,1197.0,1194.3,1194.5,459.568,548953.976,549
2026-07-25 14:15:00+00:00,1784988900000,1194.5,1196.9,1194.3,1195.8,517.094,618341.0052,489
2026-07-25 14:30:00+00:00,1784989800000,1196.0,1196.3,1195.5,1195.9,217.381,259965.93790000002,604
2026-07-25 14:45:00+00:00,1784990700000,1195.7,1196.1,1195.3,1195.8,237.497,283998.9126,441
2026-07-25 15:00:00+00:00,1784991600000,1195.8,1198.0,1195.6,1197.1,428.715,513214.72649999993,631
2026-07-25 15:15:00+00:00,1784992500000,1197.0,1198.8,1196.7,1198.2,479.078,574031.2596,503
2026-07-25 15:30:00+00:00,1784993400000,1198.5,1198.6,1196.4,1197.8,175.277,209946.79059999998,285
2026-07-25 15:45:00+00:00,1784994300000,1197.6,1197.8,1196.8,1197.2,97.694,116959.2568,156
2026-07-25 16:00:00+00:00,1784995200000,1197.3,1199.9,1197.0,1199.3,230.138,276004.5034,347
2026-07-25 16:15:00+00:00,1784996100000,1199.2,1200.0,1199.0,1199.2,507.86,609025.712,329
2026-07-25 16:30:00+00:00,1784997000000,1199.2,1207.1,1199.2,1204.3,964.186,1161169.1998,1019
2026-07-25 16:45:00+00:00,1784997900000,1204.3,1204.6,1203.3,1203.9,79.761,96024.2679,285
2026-07-25 17:00:00+00:00,1784998800000,1203.9,1206.4,1203.5,1205.9,74.553,89903.4627,168
2026-07-25 17:15:00+00:00,1784999700000,1206.0,1207.5,1204.4,1205.6,1294.515,1560667.284,1022
2026-07-25 17:30:00+00:00,1785000600000,1205.6,1208.3,1205.2,1208.1,393.787,475734.07469999994,538
2026-07-25 17:45:00+00:00,1785001500000,1208.2,1210.0,1207.8,1208.8,880.572,1064435.4335999999,521
2026-07-25 18:00:00+00:00,1785002400000,1208.8,1210.0,1207.9,1209.3,298.989,361567.3977,343
2026-07-25 18:15:00+00:00,1785003300000,1209.4,1211.0,1209.1,1210.6,584.472,707561.8032,510
2026-07-25 18:30:00+00:00,1785004200000,1210.6,1213.8,1208.4,1208.7,832.479,1006217.3673,1030
2026-07-25 18:45:00+00:00,1785005100000,1208.6,1211.4,1208.5,1208.8,554.694,670514.1072,517
2026-07-25 19:00:00+00:00,1785006000000,1208.8,1212.3,1208.2,1211.6,764.471,926233.0635999999,861
2026-07-25 19:15:00+00:00,1785006900000,1211.7,1214.6,1210.7,1213.3,940.905,1141600.0365,913
2026-07-25 19:30:00+00:00,1785007800000,1213.4,1214.8,1213.0,1213.3,633.183,768240.9339,610
2026-07-25 19:45:00+00:00,1785008700000,1213.1,1215.0,1212.8,1214.7,430.478,522901.6266,444
2026-07-25 20:00:00+00:00,1785009600000,1214.6,1215.6,1214.2,1215.3,654.123,794955.6819000001,530
2026-07-25 20:15:00+00:00,1785010500000,1215.3,1217.7,1214.8,1217.3,679.632,827316.0335999998,601
2026-07-25 20:30:00+00:00,1785011400000,1217.3,1217.9,1216.7,1217.5,264.048,321478.44,328
2026-07-25 20:45:00+00:00,1785012300000,1217.5,1218.4,1214.7,1214.8,890.493,1081770.8964,1264
2026-07-25 21:00:00+00:00,1785013200000,1214.7,1216.5,1213.2,1216.0,1034.348,1257767.168,1011
2026-07-25 21:15:00+00:00,1785014100000,1216.0,1217.0,1215.7,1216.6,319.416,388601.5056,279
2026-07-25 21:30:00+00:00,1785015000000,1216.8,1217.0,1215.3,1215.6,270.856,329252.5536,654
2026-07-25 21:45:00+00:00,1785015900000,1215.5,1216.5,1215.5,1216.2,295.244,359075.7528000001,361
2026-07-25 22:00:00+00:00,1785016800000,1216.3,1217.0,1215.7,1216.9,410.147,499107.88430000003,579
2026-07-25 22:15:00+00:00,1785017700000,1216.9,1218.2,1216.2,1216.8,795.852,968392.7135999999,405
2026-07-25 22:30:00+00:00,1785018600000,1216.9,1219.4,1216.8,1218.8,325.811,397098.4468,381
2026-07-25 22:45:00+00:00,1785019500000,1218.8,1219.8,1217.8,1219.4,384.793,469216.58420000004,399
2026-07-25 23:00:00+00:00,1785020400000,1219.4,1220.1,1219.2,1220.1,268.552,327660.2952,230
2026-07-25 23:15:00+00:00,1785021300000,1219.8,1220.8,1219.8,1220.8,245.996,300311.9168,216
2026-07-25 23:30:00+00:00,1785022200000,1220.9,1222.8,1220.8,1221.5,364.232,444909.38800000004,274
2026-07-25 23:45:00+00:00,1785023100000,1221.7,1223.0,1221.6,1222.6,132.272,161715.74719999998,171
2026-07-26 00:00:00+00:00,1785024000000,1222.5,1223.2,1219.3,1219.7,872.384,1064046.7648,588
2026-07-26 00:15:00+00:00,1785024900000,1219.6,1220.1,1217.3,1217.5,406.802,495281.435,414
2026-07-26 00:30:00+00:00,1785025800000,1217.5,1217.6,1216.3,1216.8,276.492,336435.4656,280
2026-07-26 00:45:00+00:00,1785026700000,1216.7,1216.8,1213.3,1215.6,664.283,807502.4147999999,579
2026-07-26 01:00:00+00:00,1785027600000,1215.6,1217.9,1215.6,1217.6,131.098,159624.9248,199
2026-07-26 01:15:00+00:00,1785028500000,1217.6,1227.8,1217.3,1226.8,1617.502,1984351.4536,1126
2026-07-26 01:30:00+00:00,1785029400000,1226.8,1229.4,1223.0,1223.0,1179.843,1442947.989,1067
2026-07-26 01:45:00+00:00,1785030300000,1223.0,1223.8,1221.6,1222.3,400.339,489334.3597,383
2026-07-26 02:00:00+00:00,1785031200000,1222.1,1224.2,1221.1,1223.5,360.9,441561.14999999997,330
2026-07-26 02:15:00+00:00,1785032100000,1223.4,1225.8,1223.2,1224.3,184.331,225676.44329999998,261
2026-07-26 02:30:00+00:00,1785033000000,1224.2,1224.8,1222.4,1223.4,329.361,402940.2474,325
2026-07-26 02:45:00+00:00,1785033900000,1223.5,1223.7,1222.4,1223.3,247.301,302523.3133,264
2026-07-26 03:00:00+00:00,1785034800000,1223.2,1225.3,1223.2,1224.3,306.057,374705.5851,366
2026-07-26 03:15:00+00:00,1785035700000,1224.2,1226.0,1224.2,1225.8,263.037,322430.7546,279
2026-07-26 03:30:00+00:00,1785036600000,1225.9,1228.5,1225.7,1227.6,530.277,650968.0452,540
2026-07-26 03:45:00+00:00,1785037500000,1227.7,1228.5,1225.5,1225.6,496.747,608813.1231999999,422
2026-07-26 04:00:00+00:00,1785038400000,1225.7,1229.0,1225.6,1227.1,512.311,628656.8281,444
2026-07-26 04:15:00+00:00,1785039300000,1227.1,1233.3,1227.1,1232.7,2579.361,3179578.3046999997,1100
2026-07-26 04:30:00+00:00,1785040200000,1232.8,1232.8,1228.0,1229.5,879.65,1081529.675,705
2026-07-26 04:45:00+00:00,1785041100000,1229.4,1231.6,1228.8,1230.0,452.398,556449.54,369
2026-07-26 05:00:00+00:00,1785042000000,1229.8,1229.8,1227.9,1227.9,318.581,391185.60990000004,296
2026-07-26 05:15:00+00:00,1785042900000,1227.9,1228.5,1223.7,1224.3,533.636,653330.5547999999,516
2026-07-26 05:30:00+00:00,1785043800000,1224.4,1227.0,1224.4,1226.4,224.425,275234.82,268
2026-07-26 05:45:00+00:00,1785044700000,1226.4,1229.7,1226.3,1228.3,455.18,559097.594,450
2026-07-26 06:00:00+00:00,1785045600000,1228.2,1229.0,1226.7,1227.3,326.315,400486.3995,394
2026-07-26 06:15:00+00:00,1785046500000,1227.6,1228.8,1226.9,1228.0,257.034,315637.752,261
2026-07-26 06:30:00+00:00,1785047400000,1228.2,1228.5,1227.0,1227.2,177.641,218001.03519999998,370
2026-07-26 06:45:00+00:00,1785048300000,1227.5,1231.9,1227.5,1229.5,978.147,1202631.7365,719
2026-07-26 07:00:00+00:00,1785049200000,1229.6,1231.7,1222.9,1226.4,1419.379,1740726.4056,1181
2026-07-26 07:15:00+00:00,1785050100000,1226.4,1227.8,1221.8,1223.0,970.183,1186533.809,825
2026-07-26 07:30:00+00:00,1785051000000,1223.1,1225.0,1223.1,1223.6,630.79,771834.6439999999,508
2026-07-26 07:45:00+00:00,1785051900000,1223.8,1224.2,1221.3,1221.6,999.351,1220807.1816,862
2026-07-26 08:00:00+00:00,1785052800000,1221.5,1222.6,1217.6,1219.4,951.028,1159683.5432000002,853
2026-07-26 08:15:00+00:00,1785053700000,1219.1,1219.4,1217.0,1217.2,753.766,917483.9752,916
2026-07-26 08:30:00+00:00,1785054600000,1217.0,1217.6,1213.4,1215.2,1136.608,1381206.0415999999,1386
2026-07-26 08:45:00+00:00,1785055500000,1215.2,1222.8,1214.7,1220.1,1223.588,1492899.7188,1133
2026-07-26 09:00:00+00:00,1785056400000,1219.8,1219.9,1208.8,1214.5,1623.258,1971446.841,1822
2026-07-26 09:15:00+00:00,1785057300000,1214.7,1218.0,1214.5,1215.8,614.343,746918.2194,712
2026-07-26 09:30:00+00:00,1785058200000,1215.8,1219.0,1214.8,1218.7,718.665,875837.0355,755
2026-07-26 09:45:00+00:00,1785059100000,1218.6,1222.7,1218.3,1221.3,1520.804,1857357.9252,871
2026-07-26 10:00:00+00:00,1785060000000,1221.3,1225.0,1220.7,1223.6,592.745,725282.782,551
2026-07-26 10:15:00+00:00,1785060900000,1223.6,1225.9,1223.0,1225.2,410.626,503098.9752,388
2026-07-26 10:30:00+00:00,1785061800000,1225.5,1225.8,1223.8,1225.6,407.331,499224.8736,383
2026-07-26 10:45:00+00:00,1785062700000,1225.5,1226.0,1224.3,1225.4,267.455,327739.357,396
2026-07-26 11:00:00+00:00,1785063600000,1225.7,1226.6,1223.9,1223.9,371.574,454769.41860000003,447
2026-07-26 11:15:00+00:00,1785064500000,1223.9,1226.4,1222.9,1225.9,449.389,550905.9751,397
2026-07-26 11:30:00+00:00,1785065400000,1225.9,1226.5,1225.3,1225.6,266.36,326450.816,379
2026-07-26 11:45:00+00:00,1785066300000,1225.6,1225.6,1224.2,1224.6,498.991,611064.3785999999,372
2026-07-26 12:00:00+00:00,1785067200000,1224.8,1225.1,1222.7,1224.5,736.048,901290.776,477
2026-07-26 12:15:00+00:00,1785068100000,1224.7,1224.7,1218.0,1219.7,1258.275,1534718.0175,858
2026-07-26 12:30:00+00:00,1785069000000,1219.7,1220.7,1219.4,1219.5,553.283,674728.6185,426
2026-07-26 12:45:00+00:00,1785069900000,1219.6,1220.1,1217.8,1220.1,883.375,1077805.8375,591
2026-07-26 13:00:00+00:00,1785070800000,1220.0,1220.2,1218.4,1218.6,577.087,703238.2181999999,522
2026-07-26 13:15:00+00:00,1785071700000,1218.9,1221.5,1218.9,1220.4,1067.469,1302739.1676,1063
2026-07-26 13:30:00+00:00,1785072600000,1220.4,1220.5,1219.3,1219.9,281.312,343172.50880000007,487
2026-07-26 13:45:00+00:00,1785073500000,1219.9,1220.7,1219.4,1220.7,362.098,442013.0286,776
2026-07-26 14:00:00+00:00,1785074400000,1220.7,1223.5,1220.6,1221.4,884.516,1080347.8424,1393
2026-07-26 14:15:00+00:00,1785075300000,1221.5,1221.6,1219.0,1219.2,369.716,450757.74720000004,571
2026-07-26 14:30:00+00:00,1785076200000,1219.2,1220.4,1216.8,1217.8,1417.48,1726207.1439999999,1219
2026-07-26 14:45:00+00:00,1785077100000,1218.2,1219.8,1216.1,1217.2,538.896,655944.2112,546
2026-07-26 15:00:00+00:00,1785078000000,1217.2,1217.6,1216.8,1217.2,324.263,394692.9236,420
2026-07-26 15:15:00+00:00,1785078900000,1217.4,1221.4,1217.3,1219.8,741.393,904351.1814,938
2026-07-26 15:30:00+00:00,1785079800000,1219.8,1219.9,1218.3,1219.5,263.352,321157.76399999997,612
2026-07-26 15:45:00+00:00,1785080700000,1219.6,1219.6,1217.4,1218.8,254.168,309779.9584,786
2026-07-26 16:00:00+00:00,1785081600000,1218.8,1218.9,1216.8,1217.6,265.398,323148.60480000003,671
2026-07-26 16:15:00+00:00,1785082500000,1217.5,1220.1,1217.2,1220.1,278.047,339245.1447,572
2026-07-26 16:30:00+00:00,1785083400000,1220.1,1221.6,1219.7,1219.9,370.296,451724.09040000004,485
2026-07-26 16:45:00+00:00,1785084300000,1219.9,1220.0,1219.0,1219.9,286.132,349052.4268,727
2026-07-26 17:00:00+00:00,1785085200000,1219.8,1219.9,1218.5,1218.7,214.981,261997.34470000002,469
2026-07-26 17:15:00+00:00,1785086100000,1218.7,1219.5,1217.6,1217.9,186.792,227493.97680000003,591
2026-07-26 17:30:00+00:00,1785087000000,1217.9,1220.3,1217.6,1220.2,487.614,594986.6028,670
2026-07-26 17:45:00+00:00,1785087900000,1220.2,1220.3,1219.3,1219.8,254.659,310633.04819999996,544
2026-07-26 18:00:00+00:00,1785088800000,1219.8,1221.4,1219.5,1221.1,373.402,455961.1821999999,520
2026-07-26 18:15:00+00:00,1785089700000,1221.2,1221.2,1219.0,1219.6,342.927,418233.7692,525
2026-07-26 18:30:00+00:00,1785090600000,1219.7,1220.4,1219.5,1219.8,192.537,234856.6326,303
2026-07-26 18:45:00+00:00,1785091500000,1219.8,1220.4,1219.0,1219.6,159.8,194892.08,304
2026-07-26 19:00:00+00:00,1785092400000,1219.6,1219.7,1218.6,1219.2,143.993,175556.2656,237
2026-07-26 19:15:00+00:00,1785093300000,1219.2,1220.0,1217.9,1218.1,142.475,173548.7975,330
2026-07-26 19:30:00+00:00,1785094200000,1217.8,1218.7,1217.2,1218.4,246.083,299827.5272,344
2026-07-26 19:45:00+00:00,1785095100000,1218.3,1218.3,1216.2,1216.6,173.629,211237.0414,319
2026-07-26 20:00:00+00:00,1785096000000,1216.2,1216.4,1214.8,1215.3,393.189,477842.5917,673
2026-07-26 20:15:00+00:00,1785096900000,1215.3,1216.4,1214.9,1215.7,309.383,376116.9131,556
2026-07-26 20:30:00+00:00,1785097800000,1215.8,1216.2,1214.8,1215.9,265.365,322657.30350000004,430
2026-07-26 20:45:00+00:00,1785098700000,1215.9,1216.9,1215.3,1216.7,529.84,644656.3280000001,554
2026-07-26 21:00:00+00:00,1785099600000,1216.7,1216.9,1215.5,1215.6,292.866,356007.90959999996,498
2026-07-26 21:15:00+00:00,1785100500000,1215.6,1217.8,1215.0,1217.6,748.225,911038.76,411
2026-07-26 21:30:00+00:00,1785101400000,1217.4,1217.6,1216.4,1216.9,368.677,448643.04130000004,380
2026-07-26 21:45:00+00:00,1785102300000,1216.9,1217.4,1215.6,1216.2,917.88,1116325.656,551
2026-07-26 22:00:00+00:00,1785103200000,1216.3,1228.5,1216.3,1227.6,4973.67,6105677.291999999,3480
2026-07-26 22:15:00+00:00,1785104100000,1227.5,1237.8,1227.3,1237.4,3840.229,4751899.3646,3395
2026-07-26 22:30:00+00:00,1785105000000,1237.4,1240.9,1235.3,1235.5,2600.244,3212601.4620000003,2168
2026-07-26 22:45:00+00:00,1785105900000,1235.4,1238.4,1230.8,1234.8,3488.713,4307862.8124,3273
2026-07-26 23:00:00+00:00,1785106800000,1234.9,1255.0,1234.9,1248.3,17242.785,21524168.515499998,8405
2026-07-26 23:15:00+00:00,1785107700000,1248.2,1250.8,1243.7,1246.4,4936.306,6152611.7984,3518
2026-07-26 23:30:00+00:00,1785108600000,1246.4,1246.9,1236.5,1244.9,6876.434,8560472.686600002,4437
2026-07-26 23:45:00+00:00,1785109500000,1245.5,1254.4,1241.9,1248.1,6598.523,8235616.556299999,4445
2026-07-27 00:00:00+00:00,1785110400000,1247.8,1250.6,1202.9,1214.3,33823.018,41071290.75739999,15361
2026-07-27 00:15:00+00:00,1785111300000,1214.1,1226.6,1198.4,1218.8,17625.73,21482239.724,8529
2026-07-27 00:30:00+00:00,1785112200000,1218.7,1223.7,1204.4,1207.5,9543.848,11524196.459999999,5138
2026-07-27 00:45:00+00:00,1785113100000,1207.3,1232.7,1207.3,1219.2,14044.487,17123038.5504,7784
2026-07-27 01:00:00+00:00,1785114000000,1219.3,1222.4,1199.2,1201.8,8878.457,10670129.6226,6813
2026-07-27 01:15:00+00:00,1785114900000,1201.8,1201.8,1171.8,1173.1,23814.569,27936870.893899996,10955
2026-07-27 01:30:00+00:00,1785115800000,1173.0,1196.2,1172.9,1188.9,18358.779,21826752.3531,7652
2026-07-27 01:45:00+00:00,1785116700000,1189.0,1194.2,1180.5,1193.5,11381.409,13583711.6415,5623
2026-07-27 02:00:00+00:00,1785117600000,1193.7,1197.2,1182.6,1187.8,9619.177,11425658.440599998,5325
2026-07-27 02:15:00+00:00,1785118500000,1187.1,1204.3,1186.5,1201.2,11137.382,13378223.2584,4735
2026-07-27 02:30:00+00:00,1785119400000,1201.3,1206.9,1191.6,1203.2,5865.539,7057416.5248,3157
2026-07-27 02:45:00+00:00,1785120300000,1203.2,1205.7,1193.3,1197.0,7135.497,8541189.909,3332
2026-07-27 03:00:00+00:00,1785121200000,1196.8,1209.2,1195.5,1208.8,4261.929,5151819.7752,3275
2026-07-27 03:15:00+00:00,1785122100000,1208.8,1217.8,1206.5,1209.5,9872.748,11941088.706,5441
2026-07-27 03:30:00+00:00,1785123000000,1209.6,1209.6,1199.4,1202.5,4112.437,4945205.4925,2204
2026-07-27 03:45:00+00:00,1785123900000,1202.0,1203.2,1192.6,1197.5,3192.499,3823017.5524999998,1923
2026-07-27 04:00:00+00:00,1785124800000,1197.5,1203.5,1195.6,1199.3,5896.416,7071571.7088,3819
2026-07-27 04:15:00+00:00,1785125700000,1199.0,1212.0,1196.9,1201.4,7713.803,9267362.9242,3996
2026-07-27 04:30:00+00:00,1785126600000,1202.1,1213.0,1199.2,1211.0,3440.927,4166962.597,2364
2026-07-27 04:45:00+00:00,1785127500000,1211.3,1219.9,1209.0,1214.6,4990.837,6061870.6202,4685
2026-07-27 05:00:00+00:00,1785128400000,1214.8,1225.5,1212.0,1224.0,6501.981,7958424.744,5329
2026-07-27 05:15:00+00:00,1785129300000,1224.0,1237.9,1221.0,1235.2,5750.322,7102797.7344,4339
2026-07-27 05:30:00+00:00,1785130200000,1235.2,1237.7,1227.7,1227.9,3136.145,3850872.4455000004,2909
2026-07-27 05:45:00+00:00,1785131100000,1227.9,1233.0,1223.2,1229.3,3652.706,4490271.4858,2858
2026-07-27 06:00:00+00:00,1785132000000,1230.0,1243.4,1228.1,1240.0,4592.908,5695205.920000001,3691
2026-07-27 06:15:00+00:00,1785132900000,1240.2,1242.9,1233.2,1235.9,5932.098,7331479.9182,3852
2026-07-27 06:30:00+00:00,1785133800000,1235.1,1240.2,1234.2,1237.6,4384.687,5426488.6312,3665
2026-07-27 06:45:00+00:00,1785134700000,1237.6,1237.7,1234.8,1237.1,2347.166,2903679.0586,2677
2026-07-27 07:00:00+00:00,1785135600000,1237.1,1238.3,1233.7,1236.8,2179.344,2695412.6592,1947
2026-07-27 07:15:00+00:00,1785136500000,1236.8,1237.1,1232.7,1237.0,2154.36,2664943.3200000003,2252
2026-07-27 07:30:00+00:00,1785137400000,1237.1,1238.7,1236.1,1237.6,2341.021,2897247.5896,3356
2026-07-27 07:45:00+00:00,1785138300000,1237.5,1238.7,1233.1,1233.2,1209.249,1491245.8668000002,1825
2026-07-27 08:00:00+00:00,1785139200000,1233.5,1239.2,1233.5,1235.1,4067.853,5024205.2403,3392
2026-07-27 08:15:00+00:00,1785140100000,1235.1,1237.3,1233.5,1236.7,2156.65,2667129.055,2318
2026-07-27 08:30:00+00:00,1785141000000,1236.7,1237.3,1235.2,1235.9,1102.229,1362244.8211,1520
2026-07-27 08:45:00+00:00,1785141900000,1236.3,1238.1,1234.7,1236.9,1626.534,2011859.9046000002,1551
2026-07-27 09:00:00+00:00,1785142800000,1236.9,1237.0,1234.7,1236.0,1355.941,1675943.0760000001,1369
2026-07-27 09:15:00+00:00,1785143700000,1236.0,1236.8,1235.2,1235.3,451.039,557168.4767,847
2026-07-27 09:30:00+00:00,1785144600000,1235.3,1237.4,1234.4,1237.1,1914.522,2368455.1662,1494
2026-07-27 09:45:00+00:00,1785145500000,1237.3,1240.4,1237.0,1238.5,2457.508,3043623.658,2013
2026-07-27 10:00:00+00:00,1785146400000,1238.4,1239.5,1235.1,1235.1,2601.511,3213126.2361,1483
2026-07-27 10:15:00+00:00,1785147300000,1235.3,1236.3,1234.7,1235.8,630.107,778686.2305999999,863
2026-07-27 10:30:00+00:00,1785148200000,1235.9,1236.3,1233.5,1234.4,1046.035,1291225.6040000003,1139
2026-07-27 10:45:00+00:00,1785149100000,1234.4,1239.1,1234.4,1237.0,1382.212,1709796.244,1259
2026-07-27 11:00:00+00:00,1785150000000,1237.1,1237.1,1228.6,1231.6,2524.789,3109530.1324,2197
2026-07-27 11:15:00+00:00,1785150900000,1231.6,1231.9,1222.0,1222.0,976.737,1193572.614,1526
2026-07-27 11:30:00+00:00,1785151800000,1222.1,1226.8,1221.6,1225.3,877.342,1075007.1526,1441
2026-07-27 11:45:00+00:00,1785152700000,1225.4,1227.6,1222.8,1225.7,495.479,607308.6103000001,819
2026-07-27 12:00:00+00:00,1785153600000,1225.5,1229.2,1219.9,1220.1,1096.753,1338148.3353,1261
2026-07-27 12:15:00+00:00,1785154500000,1219.9,1223.4,1217.3,1219.9,1236.075,1507887.8925,1208
2026-07-27 12:30:00+00:00,1785155400000,1219.6,1223.2,1214.6,1223.1,1458.519,1783914.5888999999,1469
2026-07-27 12:45:00+00:00,1785156300000,1223.0,1228.6,1222.6,1228.6,793.15,974464.0899999999,1008
2026-07-27 13:00:00+00:00,1785157200000,1229.1,1229.9,1221.2,1225.5,2657.955,3257323.8525,2795
2026-07-27 13:15:00+00:00,1785158100000,1225.2,1227.3,1214.5,1214.7,2947.586,3580432.7142,3162
2026-07-27 13:30:00+00:00,1785159000000,1214.9,1215.5,1188.5,1193.8,20240.413,24163005.0394,10681
2026-07-27 13:45:00+00:00,1785159900000,1193.8,1198.7,1174.7,1177.2,17883.979,21053020.0788,10009
2026-07-27 14:00:00+00:00,1785160800000,1177.5,1178.1,1157.3,1159.1,24307.339,28174636.634899996,12263
2026-07-27 14:15:00+00:00,1785161700000,1158.8,1165.7,1134.0,1134.8,25132.691,28520577.746799998,12061
2026-07-27 14:30:00+00:00,1785162600000,1135.3,1137.6,1115.8,1126.6,34691.223,39083131.83179999,15148
2026-07-27 14:45:00+00:00,1785163500000,1126.4,1146.6,1126.4,1145.4,20536.324,23522305.509600002,8380
2026-07-27 15:00:00+00:00,1785164400000,1145.2,1149.7,1137.3,1140.4,14735.367,16804212.526800003,7989
2026-07-27 15:15:00+00:00,1785165300000,1140.4,1146.2,1130.8,1132.7,18204.711,20620476.1497,8295
2026-07-27 15:30:00+00:00,1785166200000,1132.8,1139.0,1127.1,1137.3,10695.425,12163906.8525,5877
2026-07-27 15:45:00+00:00,1785167100000,1137.2,1142.7,1132.4,1142.1,8238.965,9409721.9265,5029
2026-07-27 16:00:00+00:00,1785168000000,1141.9,1147.5,1134.7,1136.6,13395.866,15225741.295599999,6821
2026-07-27 16:15:00+00:00,1785168900000,1136.5,1142.7,1130.5,1137.7,12436.481,14148984.4337,6175
2026-07-27 16:30:00+00:00,1785169800000,1137.7,1142.6,1128.2,1128.8,8044.646,9080796.4048,5285
2026-07-27 16:45:00+00:00,1785170700000,1128.5,1129.1,1120.4,1122.2,11189.118,12556428.219600001,5864
2026-07-27 17:00:00+00:00,1785171600000,1122.6,1122.6,1115.0,1120.7,11066.79,12402551.553000001,6614
2026-07-27 17:15:00+00:00,1785172500000,1120.4,1123.3,1114.0,1116.5,12219.876,13643491.554,7319
2026-07-27 17:30:00+00:00,1785173400000,1116.4,1125.3,1116.3,1119.6,5895.42,6600512.232,3594
2026-07-27 17:45:00+00:00,1785174300000,1119.8,1129.8,1118.0,1129.2,3859.579,4358236.6068,2343
2026-07-27 18:00:00+00:00,1785175200000,1129.5,1130.7,1124.8,1125.3,2590.81,2915438.493,2806
2026-07-27 18:15:00+00:00,1785176100000,1125.1,1128.8,1120.7,1127.7,2952.6,3329647.02,2412
2026-07-27 18:30:00+00:00,1785177000000,1127.7,1127.7,1117.2,1125.4,3620.754,4074796.5516000004,2658
2026-07-27 18:45:00+00:00,1785177900000,1125.6,1133.3,1122.5,1132.8,6350.686,7194057.100799999,3160
2026-07-27 19:00:00+00:00,1785178800000,1132.7,1139.8,1130.9,1135.8,4675.23,5310126.233999999,3145
2026-07-27 19:15:00+00:00,1785179700000,1136.0,1141.9,1135.3,1141.7,5621.401,6417953.5217,2750
2026-07-27 19:30:00+00:00,1785180600000,1142.0,1142.6,1133.7,1134.0,3295.377,3736957.518,2169
2026-07-27 19:45:00+00:00,1785181500000,1133.6,1138.5,1130.7,1138.1,4741.228,5395991.5868,3074
2026-07-27 20:00:00+00:00,1785182400000,1138.3,1141.5,1135.6,1139.5,2094.564,2386755.678,1787
2026-07-27 20:15:00+00:00,1785183300000,1138.7,1142.7,1137.4,1141.8,1874.247,2140015.2246,1653
2026-07-27 20:30:00+00:00,1785184200000,1141.7,1144.0,1140.3,1140.3,414.72,472905.216,713
2026-07-27 20:45:00+00:00,1785185100000,1140.3,1142.2,1139.6,1141.5,1182.338,1349638.827,930
2026-07-27 21:00:00+00:00,1785186000000,1141.6,1143.2,1140.2,1140.3,1481.075,1688869.8225,1125
2026-07-27 21:15:00+00:00,1785186900000,1140.3,1142.9,1139.1,1141.2,777.396,887164.3152,653
2026-07-27 21:30:00+00:00,1785187800000,1141.3,1142.2,1140.0,1141.8,1322.409,1509926.5962,900
2026-07-27 21:45:00+00:00,1785188700000,1141.7,1141.8,1137.8,1137.8,1334.807,1518743.4046,1067
2026-07-27 22:00:00+00:00,1785189600000,1137.6,1137.7,1128.7,1128.7,1317.914,1487529.5318,1279
2026-07-27 22:15:00+00:00,1785190500000,1128.7,1132.1,1125.8,1127.0,2348.121,2646332.367,1597
2026-07-27 22:30:00+00:00,1785191400000,1126.4,1132.7,1126.4,1129.9,3200.698,3616468.6702,1575
2026-07-27 22:45:00+00:00,1785192300000,1130.0,1131.9,1126.6,1128.4,2757.333,3111374.5572,1787
2026-07-27 23:00:00+00:00,1785193200000,1128.2,1137.6,927.0,1132.7,118738.866,134495513.5182,35212
2026-07-27 23:15:00+00:00,1785194100000,1132.7,1141.2,1124.7,1139.9,15520.676,17692018.5724,8865
2026-07-27 23:30:00+00:00,1785195000000,1139.8,1140.9,1132.8,1135.3,10722.475,12173225.8675,3648
2026-07-27 23:45:00+00:00,1785195900000,1135.5,1139.6,1128.8,1136.2,18035.598,20492046.447600003,7093
2026-07-28 00:00:00+00:00,1785196800000,1136.2,1140.0,1109.5,1116.4,34462.82,38474292.248,15049
2026-07-28 00:15:00+00:00,1785197700000,1115.4,1121.7,1103.8,1114.0,30762.252,34269148.728,9827
2026-07-28 00:30:00+00:00,1785198600000,1114.0,1118.0,1107.7,1114.0,10772.212,12000244.168,4911
2026-07-28 00:45:00+00:00,1785199500000,1112.9,1113.8,1101.7,1106.1,10090.132,11160695.005199999,4649
2026-07-28 01:00:00+00:00,1785200400000,1106.1,1113.8,1096.9,1099.4,13434.731,14770143.261400001,5159
2026-07-28 01:15:00+00:00,1785201300000,1099.3,1106.2,1097.5,1104.6,6724.155,7427501.612999999,2753
2026-07-28 01:30:00+00:00,1785202200000,1104.6,1110.3,1093.6,1106.6,14436.891,15975863.580599999,6504
2026-07-28 01:45:00+00:00,1785203100000,1106.6,1107.4,1082.5,1082.5,19759.5,21389658.75,8502
2026-07-28 02:00:00+00:00,1785204000000,1082.6,1091.9,1074.7,1086.9,17094.362,18579862.057800002,8245
2026-07-28 02:15:00+00:00,1785204900000,1086.7,1103.1,1081.9,1089.5,14814.556,16140458.762,7055
2026-07-28 02:30:00+00:00,1785205800000,1089.7,1090.6,1080.6,1082.1,11089.25,11999677.424999999,6770
2026-07-28 02:45:00+00:00,1785206700000,1082.0,1086.5,1076.2,1082.5,6280.103,6798211.4975000005,5210
2026-07-28 03:00:00+00:00,1785207600000,1082.3,1082.5,1070.5,1074.9,8091.037,8697055.671300001,4760
2026-07-28 03:15:00+00:00,1785208500000,1075.3,1094.3,1073.8,1082.2,14723.896,15934200.251200002,10662
2026-07-28 03:30:00+00:00,1785209400000,1082.2,1096.0,1075.0,1091.2,13267.543,14477542.921600001,9740
2026-07-28 03:45:00+00:00,1785210300000,1091.4,1097.4,1086.6,1093.1,11126.104,12161944.282399999,6804
2026-07-28 04:00:00+00:00,1785211200000,1093.2,1093.3,1076.6,1078.6,9576.23,10328921.678,5964
2026-07-28 04:15:00+00:00,1785212100000,1078.4,1084.3,1072.8,1073.7,6820.695,7323380.2215,5157
2026-07-28 04:30:00+00:00,1785213000000,1073.7,1082.3,1070.2,1076.4,6172.778,6644378.239200001,4858
2026-07-28 04:45:00+00:00,1785213900000,1076.7,1088.7,1076.6,1084.8,5407.058,5865576.5183999995,4325
2026-07-28 05:00:00+00:00,1785214800000,1084.8,1095.0,1083.7,1086.8,8140.602,8847206.2536,4630
2026-07-28 05:15:00+00:00,1785215700000,1086.8,1086.9,1073.1,1074.1,6835.916,7342457.3756,4462
2026-07-28 05:30:00+00:00,1785216600000,1074.1,1085.4,1071.1,1084.3,10341.68,11213483.624,5897
2026-07-28 05:45:00+00:00,1785217500000,1084.0,1089.0,1073.0,1074.8,5472.069,5881379.7612000005,3710
2026-07-28 06:00:00+00:00,1785218400000,1074.7,1083.2,1064.5,1067.9,10392.143,11097769.5097,6792
2026-07-28 06:15:00+00:00,1785219300000,1067.9,1071.7,1060.8,1061.7,10569.564,11221706.098800002,5842
2026-07-28 06:30:00+00:00,1785220200000,1061.7,1070.9,1059.8,1065.5,9256.865,9863189.6575,4631
2026-07-28 06:45:00+00:00,1785221100000,1065.2,1073.9,1061.9,1072.9,12266.854,13161107.6566,5080
2026-07-28 07:00:00+00:00,1785222000000,1073.0,1073.4,1066.9,1071.2,5923.857,6345635.6184,3642
2026-07-28 07:15:00+00:00,1785222900000,1071.2,1072.4,1064.2,1066.4,6538.151,6972284.2264,4340
2026-07-28 07:30:00+00:00,1785223800000,1066.4,1068.7,1064.4,1067.1,4076.371,4349895.4941,2398
2026-07-28 07:45:00+00:00,1785224700000,1067.0,1067.3,1059.5,1061.2,7599.492,8064580.9104,4118
2026-07-28 08:00:00+00:00,1785225600000,1061.4,1066.6,1050.0,1052.2,14684.674,15451213.982800001,9194
2026-07-28 08:15:00+00:00,1785226500000,1051.5,1066.2,1049.3,1065.0,10474.208,11155031.520000001,6535
2026-07-28 08:30:00+00:00,1785227400000,1065.0,1070.8,1060.4,1069.5,7320.247,7829004.1665,4006
2026-07-28 08:45:00+00:00,1785228300000,1069.5,1069.6,1063.7,1066.7,5327.535,5682881.5845,3620
2026-07-28 09:00:00+00:00,1785229200000,1066.4,1069.9,1064.8,1066.2,5247.042,5594396.180400001,3482
2026-07-28 09:15:00+00:00,1785230100000,1066.2,1067.1,1063.3,1065.3,3215.913,3425912.1188999997,2438
2026-07-28 09:30:00+00:00,1785231000000,1065.2,1065.3,1060.5,1061.5,3547.903,3766099.0344999996,2366
2026-07-28 09:45:00+00:00,1785231900000,1061.4,1062.3,1054.6,1056.4,4881.445,5156758.498,3197
2026-07-28 10:00:00+00:00,1785232800000,1056.4,1060.0,1055.2,1057.0,4858.572,5135510.604,3224
2026-07-28 10:15:00+00:00,1785233700000,1056.8,1057.1,1051.2,1053.4,6416.443,6759081.0562,3094
2026-07-28 10:30:00+00:00,1785234600000,1053.3,1054.9,1039.0,1044.5,11014.873,11505034.8485,4709
2026-07-28 10:45:00+00:00,1785235500000,1044.3,1051.7,1043.1,1049.9,5419.731,5690175.576900001,3300
2026-07-28 11:00:00+00:00,1785236400000,1050.0,1050.4,1036.2,1036.3,6013.364,6231649.1132,4240
2026-07-28 11:15:00+00:00,1785237300000,1036.2,1051.0,1036.1,1044.8,4862.919,5080777.771199999,3957
2026-07-28 11:30:00+00:00,1785238200000,1044.7,1053.8,1044.7,1052.9,8170.718,8602948.9822,6913
2026-07-28 11:45:00+00:00,1785239100000,1052.5,1059.1,1051.7,1054.3,5732.692,6043977.1756,4529
2026-07-28 12:00:00+00:00,1785240000000,1054.0,1059.0,1052.3,1056.3,2794.405,2951730.0015000002,2637
2026-07-28 12:15:00+00:00,1785240900000,1056.3,1059.4,1049.7,1058.6,2899.554,3069467.8644,2380
2026-07-28 12:30:00+00:00,1785241800000,1058.6,1061.3,1048.2,1055.1,3486.363,3678461.6012999993,2237
2026-07-28 12:45:00+00:00,1785242700000,1055.1,1061.0,1053.7,1054.0,2048.109,2158706.886,1745
2026-07-28 13:00:00+00:00,1785243600000,1054.0,1061.1,1051.2,1058.7,2474.63,2619890.7810000004,2383
2026-07-28 13:15:00+00:00,1785244500000,1058.3,1062.8,1051.7,1052.8,2686.429,2828272.4512,2418
2026-07-28 13:30:00+00:00,1785245400000,1052.2,1059.0,1028.2,1033.6,20148.361,20825345.9296,10893
2026-07-28 13:45:00+00:00,1785246300000,1033.5,1042.5,1019.3,1021.4,19326.546,19740134.0844,10620
2026-07-28 14:00:00+00:00,1785247200000,1021.3,1045.1,1020.8,1029.0,18848.748,19395361.691999998,9244
2026-07-28 14:15:00+00:00,1785248100000,1029.4,1038.5,1020.0,1035.6,17555.752,18180736.771199998,8644
2026-07-28 14:30:00+00:00,1785249000000,1035.6,1053.9,1032.6,1050.1,11471.965,12046710.4465,6100
2026-07-28 14:45:00+00:00,1785249900000,1050.1,1060.5,1045.6,1050.1,9848.546,10341958.1546,5424
2026-07-28 15:00:00+00:00,1785250800000,1049.8,1053.8,1036.2,1045.4,8469.363,8853872.0802,5924
2026-07-28 15:15:00+00:00,1785251700000,1045.4,1066.5,1043.6,1061.2,8049.332,8541951.1184,5136
2026-07-28 15:30:00+00:00,1785252600000,1061.2,1069.5,1057.4,1068.9,6566.868,7019325.205200001,4391
2026-07-28 15:45:00+00:00,1785253500000,1068.8,1073.6,1062.1,1067.3,6830.271,7289948.238299999,5067
2026-07-28 16:00:00+00:00,1785254400000,1067.1,1075.7,1061.6,1062.5,4142.019,4400895.1875,3585
2026-07-28 16:15:00+00:00,1785255300000,1062.5,1069.0,1058.2,1066.4,3242.117,3457393.5688000005,2967
2026-07-28 16:30:00+00:00,1785256200000,1066.4,1069.5,1056.9,1066.9,4459.099,4757412.723100001,3553
2026-07-28 16:45:00+00:00,1785257100000,1066.7,1071.5,1061.8,1067.8,4315.227,4607799.3906,2533
2026-07-28 17:00:00+00:00,1785258000000,1067.8,1069.5,1057.5,1058.6,2460.471,2604654.6006,2308
2026-07-28 17:15:00+00:00,1785258900000,1058.5,1062.6,1055.6,1060.3,1972.715,2091669.7144999998,1780
2026-07-28 17:30:00+00:00,1785259800000,1060.2,1065.4,1051.4,1052.2,2064.695,2172472.0790000004,1856
2026-07-28 17:45:00+00:00,1785260700000,1052.2,1056.2,1047.5,1053.6,3155.825,3324977.2199999997,1923
2026-07-28 18:00:00+00:00,1785261600000,1053.5,1057.7,1050.6,1051.0,1147.321,1205834.3709999998,1447
2026-07-28 18:15:00+00:00,1785262500000,1050.6,1053.6,1045.9,1047.1,1990.32,2084064.0719999997,1770
2026-07-28 18:30:00+00:00,1785263400000,1046.8,1051.0,1046.8,1049.4,1736.304,1822077.4176000003,2111
2026-07-28 18:45:00+00:00,1785264300000,1049.2,1053.2,1047.9,1052.9,1626.703,1712755.5887000002,1815
2026-07-28 19:00:00+00:00,1785265200000,1052.9,1061.6,1052.8,1061.0,2608.925,2768069.4250000003,2616
2026-07-28 19:15:00+00:00,1785266100000,1061.1,1069.8,1058.9,1069.6,2958.898,3164837.3008,2727
2026-07-28 19:30:00+00:00,1785267000000,1069.6,1070.7,1057.1,1057.8,2187.876,2314335.2328000003,2227
2026-07-28 19:45:00+00:00,1785267900000,1057.7,1058.4,1047.3,1048.6,4635.086,4860351.179599999,3576
2026-07-28 20:00:00+00:00,1785268800000,1048.6,1062.1,1044.4,1057.4,4351.019,4600767.490600001,3885
2026-07-28 20:15:00+00:00,1785269700000,1057.2,1076.0,1055.1,1073.6,6462.601,6938248.433599999,4281
2026-07-28 20:30:00+00:00,1785270600000,1073.6,1074.5,1057.6,1063.3,3553.068,3777977.2044,2778
2026-07-28 20:45:00+00:00,1785271500000,1063.2,1070.6,1059.8,1070.2,2181.592,2334739.7584,1549
2026-07-28 21:00:00+00:00,1785272400000,1070.1,1073.8,1064.8,1067.1,2954.207,3152434.2896999996,2506
2026-07-28 21:15:00+00:00,1785273300000,1067.0,1069.5,1064.8,1067.8,1242.563,1326808.7714,1581
2026-07-28 21:30:00+00:00,1785274200000,1067.7,1074.3,1067.7,1073.5,744.863,799610.4305,1056
2026-07-28 21:45:00+00:00,1785275100000,1073.4,1075.0,1070.6,1071.0,1134.275,1214808.5250000001,1149
2026-07-28 22:00:00+00:00,1785276000000,1071.0,1073.7,1067.2,1067.9,2356.504,2516510.6216,2011
2026-07-28 22:15:00+00:00,1785276900000,1067.9,1071.5,1064.5,1071.1,2200.242,2356679.2062,1742
2026-07-28 22:30:00+00:00,1785277800000,1071.1,1071.8,1045.4,1045.4,5611.718,5866489.9972,3216
2026-07-28 22:45:00+00:00,1785278700000,1045.4,1045.7,978.7,983.54,67594.777,66482166.97058,27694
2026-07-28 23:00:00+00:00,1785279600000,983.69,1031.9,983.54,1028.0,56733.621,58322162.388,23108
2026-07-28 23:15:00+00:00,1785280500000,1028.3,1051.0,1016.5,1047.7,36027.807,37746333.3939,15857
2026-07-28 23:30:00+00:00,1785281400000,1047.7,1064.4,1037.5,1061.0,30373.357,32226131.777,13319
2026-07-28 23:45:00+00:00,1785282300000,1061.0,1076.0,1059.5,1070.6,32673.035,34979751.271,13796
2026-07-29 00:00:00+00:00,1785283200000,1070.8,1113.4,1068.9,1105.3,57530.161,63588086.9533,19695
2026-07-29 00:15:00+00:00,1785284100000,1105.2,1105.2,1070.6,1074.2,36516.737,39226278.885400005,12931
2026-07-29 00:30:00+00:00,1785285000000,1074.0,1078.6,1052.0,1055.9,15587.153,16458474.852700002,4289
