Timestamp (GMT+8),Date,Time,Open (USD),High (USD),Low (USD),Close (USD),Volume (CXMT),Notional (USD),Fully Diluted Val (USD),Fully Diluted Val (RMB)
2026-07-27 00:00:00,2026-07-27,00:00,6.3266,6.3771,6.3120,6.3445,18421.1,116872.67,424320160000.00,3076321160000.00
2026-07-27 00:05:00,2026-07-27,00:05,6.3417,6.3695,6.3000,6.3095,23042.4,145386.02,421979360000.00,3059350360000.00
2026-07-27 00:10:00,2026-07-27,00:10,6.3096,6.3157,6.2888,6.2980,11995.9,75550.18,421210240000.00,3053774240000.00
2026-07-27 00:15:00,2026-07-27,00:15,6.2993,6.2998,6.2616,6.2628,24783.0,155210.97,418856064000.00,3036706464000.00
2026-07-27 00:20:00,2026-07-27,00:20,6.2630,6.2802,6.2500,6.2800,26579.1,166916.75,420006400000.00,3045046400000.00
2026-07-27 00:25:00,2026-07-27,00:25,6.2801,6.3172,6.2800,6.2837,24403.3,153343.02,420253856000.00,3046840456000.00
2026-07-27 00:30:00,2026-07-27,00:30,6.2890,6.3455,6.2801,6.3300,29431.9,186303.93,423350400000.00,3069290400000.00
2026-07-27 00:35:00,2026-07-27,00:35,6.3303,6.3419,6.3020,6.3084,13997.8,88303.72,421905792000.00,3058816992000.00
2026-07-27 00:40:00,2026-07-27,00:40,6.3166,6.3200,6.3020,6.3040,3938.5,24828.30,421611520000.00,3056683520000.00
2026-07-27 00:45:00,2026-07-27,00:45,6.3021,6.3145,6.2980,6.2997,10353.7,65225.20,421323936000.00,3054598536000.00
2026-07-27 00:50:00,2026-07-27,00:50,6.3016,6.3246,6.2900,6.3127,24390.8,153971.80,422193376000.00,3060901976000.00
2026-07-27 00:55:00,2026-07-27,00:55,6.3133,6.3182,6.2940,6.2978,5613.3,35351.44,421196864000.00,3053677264000.00
2026-07-27 01:00:00,2026-07-27,01:00,6.3028,6.3558,6.1682,6.3251,202312.5,1279646.79,423022688000.00,3066914488000.00
2026-07-27 01:05:00,2026-07-27,01:05,6.3501,6.4383,6.3256,6.4218,30044.4,192939.13,429489984000.00,3113802384000.00
2026-07-27 01:10:00,2026-07-27,01:10,6.4218,6.4218,6.3690,6.3692,12535.4,79840.47,425972096000.00,3088297696000.00
2026-07-27 01:15:00,2026-07-27,01:15,6.3739,6.4000,6.3439,6.3820,9224.5,58870.76,426828160000.00,3094504160000.00
2026-07-27 01:20:00,2026-07-27,01:20,6.3873,6.3934,6.3408,6.3550,4053.7,25761.26,425022400000.00,3081412400000.00
2026-07-27 01:25:00,2026-07-27,01:25,6.3578,6.3849,6.3421,6.3462,5441.1,34530.31,424433856000.00,3077145456000.00
2026-07-27 01:30:00,2026-07-27,01:30,6.3509,6.3628,6.3224,6.3249,7139.0,45153.46,423009312000.00,3066817512000.00
2026-07-27 01:35:00,2026-07-27,01:35,6.3272,6.3310,6.3040,6.3113,8657.1,54637.56,422099744000.00,3060223144000.00
2026-07-27 01:40:00,2026-07-27,01:40,6.3132,6.3190,6.2930,6.2968,7120.0,44833.22,421129984000.00,3053192384000.00
2026-07-27 01:45:00,2026-07-27,01:45,6.2978,6.3000,6.2929,6.2979,3445.7,21700.67,421203552000.00,3053725752000.00
2026-07-27 01:50:00,2026-07-27,01:50,6.2996,6.2999,6.2925,6.2927,4664.7,29353.56,420855776000.00,3051204376000.00
2026-07-27 01:55:00,2026-07-27,01:55,6.2949,6.3000,6.2911,6.2929,7634.4,48042.52,420869152000.00,3051301352000.00
2026-07-27 02:00:00,2026-07-27,02:00,6.2955,6.2982,6.2888,6.2897,2784.3,17512.41,420655136000.00,3049749736000.00
2026-07-27 02:05:00,2026-07-27,02:05,6.2925,6.3090,6.2888,6.3037,5399.0,34033.68,421591456000.00,3056538056000.00
2026-07-27 02:10:00,2026-07-27,02:10,6.3066,6.3087,6.2801,6.2858,4855.1,30518.19,420394304000.00,3047858704000.00
2026-07-27 02:15:00,2026-07-27,02:15,6.2868,6.3000,6.2673,6.2751,6775.5,42516.94,419678688000.00,3042670488000.00
2026-07-27 02:20:00,2026-07-27,02:20,6.2687,6.2705,6.1800,6.1814,29719.2,183706.26,413412032000.00,2997237232000.00
2026-07-27 02:25:00,2026-07-27,02:25,6.1800,6.1800,6.1568,6.1710,11709.8,72261.18,412716480000.00,2992194480000.00
2026-07-27 02:30:00,2026-07-27,02:30,6.1736,6.2909,6.1700,6.2908,27638.4,173867.65,420728704000.00,3050283104000.00
2026-07-27 02:35:00,2026-07-27,02:35,6.2845,6.3499,6.2286,6.3499,23543.3,149497.60,424681312000.00,3078939512000.00
2026-07-27 02:40:00,2026-07-27,02:40,6.3459,6.3750,6.3329,6.3631,18757.9,119358.39,425564128000.00,3085339928000.00
2026-07-27 02:45:00,2026-07-27,02:45,6.3633,6.3966,6.3600,6.3861,20207.6,129047.75,427102368000.00,3096492168000.00
2026-07-27 02:50:00,2026-07-27,02:50,6.3855,6.3941,6.3443,6.3683,12846.3,81809.09,425911904000.00,3087861304000.00
2026-07-27 02:55:00,2026-07-27,02:55,6.3698,6.3996,6.3649,6.3920,7321.1,46796.47,427496960000.00,3099352960000.00
2026-07-27 03:00:00,2026-07-27,03:00,6.3780,6.3992,6.3300,6.3348,12224.2,77437.86,423671424000.00,3071617824000.00
2026-07-27 03:05:00,2026-07-27,03:05,6.3377,6.3505,6.2945,6.2969,11601.4,73052.86,421136672000.00,3053240872000.00
2026-07-27 03:10:00,2026-07-27,03:10,6.2933,6.3203,6.2707,6.2786,14210.2,89220.16,419912768000.00,3044367568000.00
2026-07-27 03:15:00,2026-07-27,03:15,6.2818,6.3152,6.2200,6.2397,11544.9,72036.71,417311136000.00,3025505736000.00
2026-07-27 03:20:00,2026-07-27,03:20,6.2428,6.2531,6.2200,6.2431,6771.2,42273.28,417538528000.00,3027154328000.00
2026-07-27 03:25:00,2026-07-27,03:25,6.2451,6.2486,6.2100,6.2273,7432.2,46282.54,416481824000.00,3019493224000.00
2026-07-27 03:30:00,2026-07-27,03:30,6.2278,6.2742,6.2222,6.2385,6276.4,39155.32,417230880000.00,3024923880000.00
2026-07-27 03:35:00,2026-07-27,03:35,6.2411,6.3218,6.2241,6.3218,10425.0,65904.76,422801984000.00,3065314384000.00
2026-07-27 03:40:00,2026-07-27,03:40,6.3218,6.3812,6.3101,6.3500,13691.0,86937.85,424688000000.00,3078988000000.00
2026-07-27 03:45:00,2026-07-27,03:45,6.3535,6.3655,6.3104,6.3163,8742.0,55217.09,422434144000.00,3062647544000.00
2026-07-27 03:50:00,2026-07-27,03:50,6.3198,6.3200,6.2929,6.2969,7600.1,47857.07,421136672000.00,3053240872000.00
2026-07-27 03:55:00,2026-07-27,03:55,6.2983,6.3000,6.2697,6.2921,5185.9,32630.20,420815648000.00,3050913448000.00
2026-07-27 04:00:00,2026-07-27,04:00,6.2969,6.2970,6.2632,6.2685,5646.0,35391.95,419237280000.00,3039470280000.00
2026-07-27 04:05:00,2026-07-27,04:05,6.2694,6.2818,6.2633,6.2738,8520.3,53454.66,419591744000.00,3042040144000.00
2026-07-27 04:10:00,2026-07-27,04:10,6.2768,6.4721,6.2768,6.4356,77646.5,499701.82,430412928000.00,3120493728000.00
2026-07-27 04:15:00,2026-07-27,04:15,6.4356,6.4710,6.4127,6.4542,9021.4,58225.92,431656896000.00,3129512496000.00
2026-07-27 04:20:00,2026-07-27,04:20,6.4604,6.4628,6.4255,6.4275,4501.5,28933.39,429871200000.00,3116566200000.00
2026-07-27 04:25:00,2026-07-27,04:25,6.4318,6.4430,6.4063,6.4166,5365.4,34427.63,429142208000.00,3111281008000.00
2026-07-27 04:30:00,2026-07-27,04:30,6.4139,6.4590,6.4139,6.4272,5279.2,33930.47,429851136000.00,3116420736000.00
2026-07-27 04:35:00,2026-07-27,04:35,6.4394,6.4734,6.3600,6.4219,11204.8,71956.11,429496672000.00,3113850872000.00
2026-07-27 04:40:00,2026-07-27,04:40,6.4226,6.4833,6.4008,6.4212,9739.7,62540.56,429449856000.00,3113511456000.00
2026-07-27 04:45:00,2026-07-27,04:45,6.4219,6.4856,6.4219,6.4770,14781.1,95737.18,433181760000.00,3140567760000.00
2026-07-27 04:50:00,2026-07-27,04:50,6.4790,6.5000,6.4609,6.4706,11087.9,71745.37,432753728000.00,3137464528000.00
2026-07-27 04:55:00,2026-07-27,04:55,6.4744,6.4800,6.4425,6.4556,12019.0,77589.86,431750528000.00,3130191328000.00
2026-07-27 05:00:00,2026-07-27,05:00,6.4636,6.4700,6.4350,6.4647,7520.3,48616.48,432359136000.00,3134603736000.00
2026-07-27 05:05:00,2026-07-27,05:05,6.4614,6.4692,6.4243,6.4512,6709.1,43281.75,431456256000.00,3128057856000.00
2026-07-27 05:10:00,2026-07-27,05:10,6.4526,6.4763,6.4218,6.4707,11059.4,71562.06,432760416000.00,3137513016000.00
2026-07-27 05:15:00,2026-07-27,05:15,6.4707,6.4763,6.4419,6.4461,22797.1,146952.39,431115168000.00,3125584968000.00
2026-07-27 05:20:00,2026-07-27,05:20,6.4403,6.4763,6.4347,6.4750,8535.9,55269.95,433048000000.00,3139598000000.00
2026-07-27 05:25:00,2026-07-27,05:25,6.4750,6.5000,6.4600,6.4897,11207.4,72732.66,434031136000.00,3146725736000.00
2026-07-27 05:30:00,2026-07-27,05:30,6.4897,6.4980,6.3300,6.3724,20850.2,132865.81,426186112000.00,3089849312000.00
2026-07-27 05:35:00,2026-07-27,05:35,6.3723,6.3978,6.3452,6.3800,6746.3,43041.39,426694400000.00,3093534400000.00
2026-07-27 05:40:00,2026-07-27,05:40,6.3762,6.3854,6.2106,6.2451,12421.1,77571.01,417672288000.00,3028124088000.00
2026-07-27 05:45:00,2026-07-27,05:45,6.2476,6.4172,6.2100,6.3894,17275.1,110377.52,427323072000.00,3098092272000.00
2026-07-27 05:50:00,2026-07-27,05:50,6.3726,6.3997,6.3461,6.3715,6531.3,41614.18,426125920000.00,3089412920000.00
2026-07-27 05:55:00,2026-07-27,05:55,6.3716,6.3833,6.3200,6.3200,10519.1,66480.71,422681600000.00,3064441600000.00
2026-07-27 06:00:00,2026-07-27,06:00,6.3114,6.3183,6.2652,6.2974,6816.6,42926.86,421170112000.00,3053483312000.00
2026-07-27 06:05:00,2026-07-27,06:05,6.2985,6.4856,6.2985,6.4626,25385.9,164058.92,432218688000.00,3133585488000.00
2026-07-27 06:10:00,2026-07-27,06:10,6.4601,6.4700,6.3939,6.4397,15880.5,102265.66,430687136000.00,3122481736000.00
2026-07-27 06:15:00,2026-07-27,06:15,6.4375,6.5023,6.3933,6.4268,26655.6,171310.21,429824384000.00,3116226784000.00
2026-07-27 06:20:00,2026-07-27,06:20,6.4285,6.4382,6.3634,6.3931,13087.2,83667.78,427570528000.00,3099886328000.00
2026-07-27 06:25:00,2026-07-27,06:25,6.3935,6.4000,6.2593,6.2846,31964.4,200883.47,420314048000.00,3047276848000.00
2026-07-27 06:30:00,2026-07-27,06:30,6.2813,6.3375,6.2500,6.3040,8101.5,51071.86,421611520000.00,3056683520000.00
2026-07-27 06:35:00,2026-07-27,06:35,6.3147,6.3558,6.2700,6.3295,13502.4,85463.44,423316960000.00,3069047960000.00
2026-07-27 06:40:00,2026-07-27,06:40,6.3377,6.3554,6.2821,6.3120,13676.3,86324.81,422146560000.00,3060562560000.00
2026-07-27 06:45:00,2026-07-27,06:45,6.3082,6.3500,6.3000,6.3500,15421.8,97928.43,424688000000.00,3078988000000.00
2026-07-27 06:50:00,2026-07-27,06:50,6.3495,6.4450,6.3090,6.4000,25352.5,162256.00,428032000000.00,3103232000000.00
2026-07-27 06:55:00,2026-07-27,06:55,6.4022,6.4089,6.3587,6.3784,4385.0,27969.28,426587392000.00,3092758592000.00
2026-07-27 07:00:00,2026-07-27,07:00,6.3847,6.4600,6.3803,6.4288,10263.5,65981.99,429958144000.00,3117196544000.00
2026-07-27 07:05:00,2026-07-27,07:05,6.4316,6.5098,6.4316,6.4600,19326.9,124851.77,432044800000.00,3132324800000.00
2026-07-27 07:10:00,2026-07-27,07:10,6.4600,6.5000,6.4280,6.4623,15168.5,98023.40,432198624000.00,3133440024000.00
2026-07-27 07:15:00,2026-07-27,07:15,6.4686,6.4864,6.4521,6.4741,6806.9,44068.55,432987808000.00,3139161608000.00
2026-07-27 07:20:00,2026-07-27,07:20,6.4740,6.5200,6.4414,6.4593,22253.6,143742.68,431997984000.00,3131985384000.00
2026-07-27 07:25:00,2026-07-27,07:25,6.4593,6.4940,6.4214,6.4671,16774.3,108481.08,432519648000.00,3135767448000.00
2026-07-27 07:30:00,2026-07-27,07:30,6.4674,6.4944,6.4399,6.4944,9112.2,59178.27,434345472000.00,3149004672000.00
2026-07-27 07:35:00,2026-07-27,07:35,6.4880,6.4917,6.4598,6.4843,7406.2,48024.02,433669984000.00,3144107384000.00
2026-07-27 07:40:00,2026-07-27,07:40,6.4809,6.5885,6.4599,6.5554,32819.3,215143.64,438425152000.00,3178582352000.00
2026-07-27 07:45:00,2026-07-27,07:45,6.5553,6.5768,6.5040,6.5540,13547.7,88791.63,438331520000.00,3177903520000.00
2026-07-27 07:50:00,2026-07-27,07:50,6.5512,6.5798,6.5000,6.5624,20048.1,131563.65,438893312000.00,3181976512000.00
2026-07-27 07:55:00,2026-07-27,07:55,6.5625,6.5798,6.5260,6.5320,19430.2,126918.07,436860160000.00,3167236160000.00
2026-07-27 08:00:00,2026-07-27,08:00,6.5320,6.5689,6.5200,6.5633,14920.3,97926.40,438953504000.00,3182412904000.00
2026-07-27 08:05:00,2026-07-27,08:05,6.5644,6.5798,6.5287,6.5700,25734.8,169077.64,439401600000.00,3185661600000.00
2026-07-27 08:10:00,2026-07-27,08:10,6.5790,6.6270,6.5520,6.6203,43968.7,291085.98,442765664000.00,3210051064000.00
2026-07-27 08:15:00,2026-07-27,08:15,6.6239,7.1769,6.6036,7.0365,801945.6,5642890.21,470601120000.00,3411858120000.00
2026-07-27 08:20:00,2026-07-27,08:20,7.0541,7.0680,6.6396,6.7000,200033.5,1340224.45,448096000000.00,3248696000000.00
2026-07-27 08:25:00,2026-07-27,08:25,6.6997,6.8640,6.5933,6.8224,127647.9,870865.03,456282112000.00,3308045312000.00
2026-07-27 08:30:00,2026-07-27,08:30,6.8142,6.8298,6.6600,6.6801,85349.9,570145.87,446765088000.00,3239046888000.00
2026-07-27 08:35:00,2026-07-27,08:35,6.6663,6.6961,6.5627,6.5866,103265.2,680166.57,440511808000.00,3193710608000.00
2026-07-27 08:40:00,2026-07-27,08:40,6.5974,6.7467,6.5902,6.6630,74671.2,497534.21,445621440000.00,3230755440000.00
2026-07-27 08:45:00,2026-07-27,08:45,6.6633,6.6804,6.5725,6.5969,58492.7,385870.49,441200672000.00,3198704872000.00
2026-07-27 08:50:00,2026-07-27,08:50,6.5952,6.6000,6.4517,6.5308,125311.3,818383.04,436779904000.00,3166654304000.00
2026-07-27 08:55:00,2026-07-27,08:55,6.5142,6.6880,6.5041,6.6321,48819.7,323777.13,443554848000.00,3215772648000.00
2026-07-27 09:00:00,2026-07-27,09:00,6.6231,6.8123,6.5732,6.7528,91650.3,618896.15,451627264000.00,3274297664000.00
2026-07-27 09:05:00,2026-07-27,09:05,6.7530,6.7843,6.5748,6.6431,69167.8,459488.61,444290528000.00,3221106328000.00
2026-07-27 09:10:00,2026-07-27,09:10,6.6376,6.6500,6.3174,6.3983,226837.3,1451373.10,427918304000.00,3102407704000.00
2026-07-27 09:15:00,2026-07-27,09:15,6.3983,7.0700,6.3778,6.9500,557423.3,3874091.94,464816000000.00,3369916000000.00
2026-07-27 09:20:00,2026-07-27,09:20,6.9469,7.2702,6.8714,7.1221,714598.5,5089441.98,476326048000.00,3453363848000.00
2026-07-27 09:25:00,2026-07-27,09:25,7.1003,7.1745,6.9370,7.1400,678619.2,4845341.09,477523200000.00,3462043200000.00
2026-07-27 09:30:00,2026-07-27,09:30,7.1230,7.1546,6.6400,6.7203,1003165.3,6741571.77,449453664000.00,3258539064000.00
2026-07-27 09:35:00,2026-07-27,09:35,6.7203,6.7290,6.3943,6.4319,1084124.7,6972981.66,430165472000.00,3118699672000.00
2026-07-27 09:40:00,2026-07-27,09:40,6.4503,6.4980,5.9640,6.2060,2813583.7,17461100.44,415057280000.00,3009165280000.00
2026-07-27 09:45:00,2026-07-27,09:45,6.2184,6.9500,6.2000,6.3180,1846489.1,11666118.13,422547840000.00,3063471840000.00
2026-07-27 09:50:00,2026-07-27,09:50,6.3180,6.7288,6.2581,6.5500,516309.0,3381823.95,438064000000.00,3175964000000.00
2026-07-27 09:55:00,2026-07-27,09:55,6.5332,6.8532,6.5329,6.8100,579363.6,3945466.12,455452800000.00,3302032800000.00
2026-07-27 10:00:00,2026-07-27,10:00,6.8100,7.1000,6.6219,6.7999,864405.1,5877868.24,454777312000.00,3297135512000.00
2026-07-27 10:05:00,2026-07-27,10:05,6.7999,7.0795,6.7429,6.9800,459559.7,3207726.71,466822400000.00,3384462400000.00
2026-07-27 10:10:00,2026-07-27,10:10,6.9799,7.0650,6.8100,6.9303,411102.8,2849065.73,463498464000.00,3360363864000.00
2026-07-27 10:15:00,2026-07-27,10:15,6.9414,7.0556,6.8149,7.0275,347084.2,2439134.22,469999200000.00,3407494200000.00
2026-07-27 10:20:00,2026-07-27,10:20,7.0300,7.0600,6.8636,6.9337,350135.0,2427731.05,463725856000.00,3362012456000.00
2026-07-27 10:25:00,2026-07-27,10:25,6.9338,6.9748,6.8434,6.9650,256197.9,1784418.37,465819200000.00,3377189200000.00
2026-07-27 10:30:00,2026-07-27,10:30,6.9650,6.9801,6.7000,6.8000,317927.9,2161909.72,454784000000.00,3297184000000.00
2026-07-27 10:35:00,2026-07-27,10:35,6.8116,6.9778,6.7639,6.9217,302572.7,2094317.46,462923296000.00,3356193896000.00
2026-07-27 10:40:00,2026-07-27,10:40,6.9216,7.0500,6.8395,7.0500,383168.9,2701340.75,471504000000.00,3418404000000.00
2026-07-27 10:45:00,2026-07-27,10:45,7.0448,7.2500,6.9594,7.1100,800661.8,5692705.40,475516800000.00,3447496800000.00
2026-07-27 10:50:00,2026-07-27,10:50,7.1100,7.1999,7.0100,7.0662,410809.2,2902859.97,472587456000.00,3426259056000.00
2026-07-27 10:55:00,2026-07-27,10:55,7.0661,7.1700,7.0000,7.1047,340474.3,2418967.76,475162336000.00,3444926936000.00
2026-07-27 11:00:00,2026-07-27,11:00,7.1047,7.2041,7.0200,7.2002,214903.2,1547346.02,481549376000.00,3491232976000.00
2026-07-27 11:05:00,2026-07-27,11:05,7.2002,7.3888,7.1681,7.3765,662797.7,4889127.23,493340320000.00,3576717320000.00
2026-07-27 11:10:00,2026-07-27,11:10,7.3765,7.4800,7.3000,7.4572,650360.7,4849869.81,498737536000.00,3615847136000.00
2026-07-27 11:15:00,2026-07-27,11:15,7.4600,7.5889,7.1389,7.3828,827757.6,6111168.81,493761664000.00,3579772064000.00
2026-07-27 11:20:00,2026-07-27,11:20,7.3799,7.3937,7.2062,7.3935,300993.5,2225395.44,494477280000.00,3584960280000.00
2026-07-27 11:25:00,2026-07-27,11:25,7.3936,7.5293,7.3520,7.4458,302526.8,2252554.05,497975104000.00,3610319504000.00
2026-07-27 11:30:00,2026-07-27,11:30,7.4458,7.5900,7.4306,7.5887,156037.9,1184124.81,507532256000.00,3679608856000.00
2026-07-27 11:35:00,2026-07-27,11:35,7.5793,7.6900,7.5651,7.5888,252655.4,1917351.30,507538944000.00,3679657344000.00
2026-07-27 11:40:00,2026-07-27,11:40,7.5871,7.6400,7.4723,7.4731,329436.7,2461913.40,499800928000.00,3623556728000.00
2026-07-27 11:45:00,2026-07-27,11:45,7.4733,7.5722,7.4035,7.4808,215232.2,1610109.04,500315904000.00,3627290304000.00
2026-07-27 11:50:00,2026-07-27,11:50,7.4732,7.5425,7.4094,7.5175,96107.8,722490.39,502770400000.00,3645085400000.00
2026-07-27 11:55:00,2026-07-27,11:55,7.5129,7.6400,7.4900,7.6017,137604.2,1046025.85,508401696000.00,3685912296000.00
2026-07-27 12:00:00,2026-07-27,12:00,7.5969,7.6163,7.4510,7.5252,186763.2,1405430.43,503285376000.00,3648818976000.00
2026-07-27 12:05:00,2026-07-27,12:05,7.5257,7.6100,7.5000,7.5990,73510.7,558607.81,508221120000.00,3684603120000.00
2026-07-27 12:10:00,2026-07-27,12:10,7.5990,7.6389,7.5200,7.6217,92074.7,701765.74,509739296000.00,3695609896000.00
2026-07-27 12:15:00,2026-07-27,12:15,7.6292,7.6640,7.5300,7.6532,114283.0,874630.66,511846016000.00,3710883616000.00
2026-07-27 12:20:00,2026-07-27,12:20,7.6558,7.6640,7.5010,7.5400,97966.4,738666.66,504275200000.00,3655995200000.00
2026-07-27 12:25:00,2026-07-27,12:25,7.5400,7.5504,7.4500,7.4618,119105.3,888739.93,499045184000.00,3618077584000.00
2026-07-27 12:30:00,2026-07-27,12:30,7.4552,7.5599,7.4500,7.5375,333862.8,2516490.85,504108000000.00,3654783000000.00
2026-07-27 12:35:00,2026-07-27,12:35,7.5375,7.5599,7.5030,7.5223,289455.1,2177368.10,503091424000.00,3647412824000.00
2026-07-27 12:40:00,2026-07-27,12:40,7.5261,7.5600,7.5211,7.5600,58779.5,444373.02,505612800000.00,3665692800000.00
2026-07-27 12:45:00,2026-07-27,12:45,7.5600,7.5740,7.5030,7.5585,76081.8,575064.29,505512480000.00,3664965480000.00
2026-07-27 12:50:00,2026-07-27,12:50,7.5587,7.5777,7.5239,7.5597,54650.2,413139.12,505592736000.00,3665547336000.00
2026-07-27 12:55:00,2026-07-27,12:55,7.5593,7.6320,7.5249,7.6320,119711.5,913638.17,510428160000.00,3700604160000.00
2026-07-27 13:00:00,2026-07-27,13:00,7.6310,7.7500,7.3220,7.4600,878703.5,6555128.11,498924800000.00,3617204800000.00
2026-07-27 13:05:00,2026-07-27,13:05,7.4562,7.5350,7.3857,7.4110,325616.6,2413144.62,495647680000.00,3593445680000.00
2026-07-27 13:10:00,2026-07-27,13:10,7.4664,7.4701,7.3100,7.4450,400762.6,2983677.56,497921600000.00,3609931600000.00
2026-07-27 13:15:00,2026-07-27,13:15,7.4449,7.4499,7.2300,7.2300,295231.5,2134523.75,483542400000.00,3505682400000.00
2026-07-27 13:20:00,2026-07-27,13:20,7.2661,7.3667,7.2140,7.2500,233428.4,1692355.90,484880000000.00,3515380000000.00
2026-07-27 13:25:00,2026-07-27,13:25,7.2500,7.3334,7.2215,7.3000,90817.1,662964.83,488224000000.00,3539624000000.00
2026-07-27 13:30:00,2026-07-27,13:30,7.3055,7.3179,6.9450,7.0404,625564.0,4404220.79,470861952000.00,3413749152000.00
2026-07-27 13:35:00,2026-07-27,13:35,7.0467,7.2488,6.9680,7.1130,331804.2,2360123.27,475717440000.00,3448951440000.00
2026-07-27 13:40:00,2026-07-27,13:40,7.1176,7.1800,7.0667,7.0841,152878.1,1083003.75,473784608000.00,3434938408000.00
2026-07-27 13:45:00,2026-07-27,13:45,7.0899,7.1580,7.0508,7.1579,126101.8,902624.07,478720352000.00,3470722552000.00
2026-07-27 13:50:00,2026-07-27,13:50,7.1579,7.1693,7.0641,7.1276,145932.6,1040149.20,476693888000.00,3456030688000.00
2026-07-27 13:55:00,2026-07-27,13:55,7.1204,7.1300,7.0600,7.0897,244286.4,1731917.29,474159136000.00,3437653736000.00
2026-07-27 14:00:00,2026-07-27,14:00,7.0921,7.0921,6.8121,6.8729,744833.1,5119163.41,459659552000.00,3332531752000.00
2026-07-27 14:05:00,2026-07-27,14:05,6.8632,7.0331,6.8265,6.9764,209306.3,1460204.47,466581632000.00,3382716832000.00
2026-07-27 14:10:00,2026-07-27,14:10,6.9765,6.9800,6.8111,6.8836,308138.5,2121102.18,460375168000.00,3337719968000.00
2026-07-27 14:15:00,2026-07-27,14:15,6.8830,7.0020,6.8830,6.9488,137814.6,957646.09,464735744000.00,3369334144000.00
2026-07-27 14:20:00,2026-07-27,14:20,6.9488,6.9900,6.9000,6.9500,117801.1,818717.65,464816000000.00,3369916000000.00
2026-07-27 14:25:00,2026-07-27,14:25,6.9577,7.0956,6.8900,7.0450,332090.8,2339579.69,471169600000.00,3415979600000.00
2026-07-27 14:30:00,2026-07-27,14:30,7.0565,7.0694,6.9000,7.0001,108386.3,758714.94,468166688000.00,3394208488000.00
2026-07-27 14:35:00,2026-07-27,14:35,7.0196,7.0288,6.9357,6.9357,111998.3,776786.61,463859616000.00,3362982216000.00
2026-07-27 14:40:00,2026-07-27,14:40,6.9428,7.0088,6.8456,7.0070,143597.9,1006190.49,468628160000.00,3397554160000.00
2026-07-27 14:45:00,2026-07-27,14:45,7.0086,7.0600,6.9800,7.0069,99394.4,696446.62,468621472000.00,3397505672000.00
2026-07-27 14:50:00,2026-07-27,14:50,7.0031,7.0199,6.9400,6.9731,124778.8,870095.05,466360928000.00,3381116728000.00
2026-07-27 14:55:00,2026-07-27,14:55,6.9757,7.0000,6.9500,6.9876,172280.2,1203825.13,467330688000.00,3388147488000.00
2026-07-27 15:00:00,2026-07-27,15:00,6.9820,7.0000,6.9000,6.9526,214479.6,1491190.87,464989888000.00,3371176688000.00
2026-07-27 15:05:00,2026-07-27,15:05,6.9414,6.9898,6.9364,6.9849,34413.3,240373.46,467150112000.00,3386838312000.00
2026-07-27 15:10:00,2026-07-27,15:10,6.9849,6.9849,6.9232,6.9500,41668.1,289593.29,464816000000.00,3369916000000.00
