Time,Open,High,Low,Close,Volume,Trades
2026-08-27 01:00:00,8.5,9.6,7.749,7.749,21950.9,393
2026-08-27 02:00:00,7.7338,8.0523,7.29,7.6788,17716.6,618
2026-08-27 03:00:00,7.67,8.0932,7.5455,7.9184,3321.2,188
2026-08-27 04:00:00,7.9184,7.936,7.7419,7.7973,870.5,87
2026-08-27 05:00:00,7.8999,8.0785,7.7972,7.8,1198.1,64
2026-08-27 06:00:00,7.8,7.918,7.3061,7.6735,2899.3,150
2026-08-27 07:00:00,7.6733,8.172,7.49,8.0408,4608.9,398
2026-08-27 08:00:00,8.0407,8.1015,7.7347,8.0971,3347.0,312
2026-08-27 09:00:00,8.0971,8.2857,7.8251,8.0407,4550.4,547
2026-08-27 10:00:00,8.0404,8.2718,7.9,8.1899,2233.1,228
2026-08-27 11:00:00,8.2245,8.288,8.0408,8.2575,1921.4,170
2026-08-27 12:00:00,8.1633,8.3,8.03,8.11,3610.3,229
2026-08-27 13:00:00,8.11,8.2857,8.0485,8.09,3121.7,285
2026-08-27 14:00:00,8.0606,8.2109,7.7371,7.9517,24969.6,1076
2026-08-27 15:00:00,8.015,8.0408,7.9184,7.964,24025.7,10776
2026-08-27 16:00:00,7.964,8.0669,7.9503,7.993,8146.5,4212
2026-08-27 17:00:00,8.0003,8.0978,8.0003,8.0409,3666.9,1996
2026-08-27 18:00:00,8.0255,8.1273,8.0055,8.1059,3241.3,1079
2026-08-27 19:00:00,8.1206,8.1678,8.0644,8.1299,1583.8,500
2026-08-27 20:00:00,8.1474,8.188,8.1062,8.1227,1596.2,476
2026-08-27 21:00:00,8.1374,8.188,8.1062,8.1139,2035.3,506
2026-08-27 22:00:00,8.1278,8.1317,8.1062,8.1084,915.6,410
2026-08-27 23:00:00,8.1262,8.17,8.1062,8.1301,815.7,311
2026-08-28 00:00:00,8.1301,8.172,8.1063,8.1469,777.3,269
2026-08-28 01:00:00,8.149,8.1645,8.1177,8.1416,882.1,364
2026-08-28 02:00:00,8.1416,8.1524,8.1063,8.1332,2913.3,400
2026-08-28 03:00:00,8.1332,8.1823,8.11,8.1549,4972.9,279
2026-08-28 04:00:00,8.1548,8.185,8.1273,8.1667,1863.0,301
2026-08-28 05:00:00,8.1667,8.1848,8.0819,8.1013,13026.9,306
2026-08-28 06:00:00,8.1102,8.1134,8.0055,8.0775,2654.4,255
2026-08-28 07:00:00,8.0775,8.0824,7.8782,7.9376,9954.5,794
2026-08-28 08:00:00,7.9376,7.9446,7.7611,7.7912,21731.5,887
2026-08-28 09:00:00,7.7907,7.8182,7.7614,7.7885,9069.2,500
2026-08-28 10:00:00,7.7885,7.7885,7.4001,7.447,39509.9,2329
2026-08-28 11:00:00,7.4309,7.4372,7.238,7.2508,17673.4,2063
2026-08-28 12:00:00,7.2517,7.3099,6.8253,7.0778,68479.2,8565
2026-08-28 13:00:00,7.0779,7.1037,6.994,7.0737,7568.6,920
2026-08-28 14:00:00,7.0646,7.1323,7.056,7.0948,15903.0,410
2026-08-28 15:00:00,7.089,7.1545,7.044,7.056,4357.0,656
2026-08-28 16:00:00,7.0667,7.1151,7.0,7.09,3741.7,676
2026-08-28 17:00:00,7.09,7.1545,7.0053,7.0372,1555.4,411
2026-08-28 18:00:00,7.1306,7.16,7.0,7.0799,6152.6,1012
2026-08-28 19:00:00,7.0799,7.0963,7.0127,7.0734,5544.7,1213
2026-08-28 20:00:00,7.076,7.0963,7.035,7.0842,3639.2,1557
2026-08-28 21:00:00,7.0873,7.0963,7.01,7.0641,3626.7,1933
2026-08-28 22:00:00,7.0765,7.0963,7.0319,7.0644,4801.7,1729
2026-08-28 23:00:00,7.0643,7.0859,7.0567,7.0567,1130.0,581
2026-08-29 00:00:00,7.0567,7.0963,7.0336,7.0443,5843.9,819
2026-08-29 01:00:00,7.048,7.0864,7.0,7.072,6677.6,3434
2026-08-29 02:00:00,7.0531,7.0865,7.0122,7.0346,4775.5,1418
2026-08-29 03:00:00,7.0475,7.0475,6.9965,7.0052,1207.1,428
2026-08-29 04:00:00,7.0135,7.0375,6.834,6.874,11412.0,1251
2026-08-29 05:00:00,6.8805,6.9473,6.8593,6.9298,4521.6,980
2026-08-29 06:00:00,6.9298,6.9842,6.896,6.9179,2852.3,796
2026-08-29 07:00:00,6.9155,6.9761,6.8928,6.9038,2240.2,573
2026-08-29 08:00:00,6.906,6.9443,6.8567,6.8876,4822.2,798
2026-08-29 09:00:00,6.8876,6.935,6.8093,6.839,8658.0,806
2026-08-29 10:00:00,6.8312,6.9,6.8035,6.8956,5070.0,800
2026-08-29 11:00:00,6.8883,6.9,6.8291,6.8497,1270.3,532
2026-08-29 12:00:00,6.8365,6.8524,6.7122,6.8142,6245.6,1044
2026-08-29 13:00:00,6.8141,6.935,6.74,6.9263,9903.3,1170
2026-08-29 14:00:00,6.9171,6.935,6.8314,6.9025,3187.1,850
2026-08-29 15:00:00,6.8958,6.9271,6.7832,6.8289,4145.0,1003
2026-08-29 16:00:00,6.8213,6.8826,6.8192,6.8719,2278.2,698
2026-08-29 17:00:00,6.8699,6.8863,6.8699,6.873,3076.0,704
2026-08-29 18:00:00,6.8699,6.873,6.8249,6.8343,1682.7,709
2026-08-29 19:00:00,6.837,6.85,6.7993,6.82,1926.7,819
2026-08-29 20:00:00,6.82,7.0618,6.5383,6.8366,29184.6,1603
2026-08-29 21:00:00,6.8125,6.8596,6.7965,6.82,2413.5,505
2026-08-29 22:00:00,6.82,6.8608,6.7638,6.7661,1930.7,509
2026-08-29 23:00:00,6.7661,6.8644,6.7153,6.8194,5485.7,1465
2026-08-30 00:00:00,6.8045,6.8194,6.7473,6.7646,1235.4,363
2026-08-30 01:00:00,6.7476,6.7717,6.7053,6.7183,1549.9,412
2026-08-30 02:00:00,6.7183,6.7875,6.5642,6.5769,12459.0,1034
2026-08-30 03:00:00,6.5769,6.7661,6.5501,6.6484,11467.0,1844
2026-08-30 04:00:00,6.6493,6.75,6.5696,6.6129,7353.0,1499
2026-08-30 05:00:00,6.5993,6.7658,6.5781,6.6903,9758.5,2004
2026-08-30 06:00:00,6.6903,6.7012,6.5945,6.684,4090.3,642
2026-08-30 07:00:00,6.6892,6.7121,6.565,6.6666,7673.3,1493
2026-08-30 08:00:00,6.649,6.6944,6.6324,6.6943,2199.4,443
2026-08-30 09:00:00,6.6943,6.74,6.5849,6.6519,8123.7,1132
2026-08-30 10:00:00,6.6519,6.7027,6.65,6.6747,2623.5,677
2026-08-30 11:00:00,6.6739,6.7178,6.671,6.7152,3664.1,1604
2026-08-30 12:00:00,6.7152,6.7304,6.6832,6.6875,2282.3,1049
2026-08-30 13:00:00,6.6875,6.699,6.662,6.699,3866.1,833
2026-08-30 14:00:00,6.6992,6.7378,6.6944,6.726,2445.9,1024
2026-08-30 15:00:00,6.7269,6.7295,6.651,6.6985,5937.4,1778
2026-08-30 16:00:00,6.6994,6.7035,6.651,6.6774,2195.2,1006
2026-08-30 17:00:00,6.6775,6.752,6.6707,6.7444,2343.3,977
2026-08-30 18:00:00,6.7398,6.7728,6.7325,6.7728,7143.8,2000
2026-08-30 19:00:00,6.7706,6.7706,6.62,6.7247,6941.7,1308
2026-08-30 20:00:00,6.7262,6.7844,6.6638,6.7134,5461.7,1258
2026-08-30 21:00:00,6.7155,6.7483,6.6405,6.7306,4268.8,1600
2026-08-30 22:00:00,6.7244,6.7616,6.7172,6.7442,1004.3,495
2026-08-30 23:00:00,6.7442,6.7612,6.7147,6.7535,1313.9,642
2026-08-31 00:00:00,6.7531,6.7669,6.7,6.7185,2409.4,846
2026-08-31 01:00:00,6.7181,6.7231,6.6819,6.6957,798.2,335
2026-08-31 02:00:00,6.6987,6.7202,6.5676,6.58,4707.4,1238
2026-08-31 03:00:00,6.5799,6.58,6.4294,6.4972,11455.0,1919
2026-08-31 04:00:00,6.4938,6.5707,6.4886,6.57,8818.8,1472
2026-08-31 05:00:00,6.5672,6.6507,6.5625,6.5689,5327.4,1210
2026-08-31 06:00:00,6.5697,6.5985,6.5284,6.5534,4388.2,964
2026-08-31 07:00:00,6.5534,6.5985,6.4306,6.4333,8598.6,2451
2026-08-31 08:00:00,6.4338,6.4346,5.4565,5.768,788909.9,34142
2026-08-31 09:00:00,5.768,5.8144,5.6393,5.6791,74583.1,2208
2026-08-31 10:00:00,5.679,5.7065,5.5552,5.639,48407.4,5574
2026-08-31 11:00:00,5.639,5.7213,5.6307,5.6464,26478.4,6886
2026-08-31 12:00:00,5.642,5.7055,5.61,5.685,12295.6,1982
2026-08-31 13:00:00,5.685,5.7778,5.6711,5.7308,27975.1,864
2026-08-31 14:00:00,5.7462,5.7933,5.5033,5.5033,50903.5,2291
2026-08-31 15:00:00,5.5197,5.6778,5.502,5.6431,20472.0,1621
2026-08-31 16:00:00,5.66,5.678,5.6071,5.6653,5976.5,600
2026-08-31 17:00:00,5.6742,5.7,5.5946,5.6335,4968.4,513
2026-08-31 18:00:00,5.6335,5.7451,5.6208,5.7294,4112.8,523
2026-08-31 19:00:00,5.7267,5.7499,5.6956,5.7049,2658.5,253
2026-08-31 20:00:00,5.7049,5.7899,5.6673,5.7653,9711.9,947
2026-08-31 21:00:00,5.7738,5.7932,5.7337,5.7649,4979.3,758
2026-08-31 22:00:00,5.7645,5.802,5.7499,5.7873,4354.3,488
2026-08-31 23:00:00,5.7874,5.8242,5.77,5.789,8578.2,2049
2026-09-01 00:00:00,5.7892,5.824,5.57,5.6098,34982.4,4330
2026-09-01 01:00:00,5.5958,6.1387,5.5432,5.7613,684406.4,32509
2026-09-01 02:00:00,5.7601,5.8269,5.6293,5.6615,97868.5,11505
2026-09-01 03:00:00,5.6614,6.03,5.6256,5.9589,131877.1,10273
2026-09-01 04:00:00,5.9566,5.9567,5.8369,5.9419,24803.3,5385
2026-09-01 05:00:00,5.9419,6.0007,5.8219,5.8753,42523.9,5803
2026-09-01 06:00:00,5.8777,6.0529,5.8777,5.9566,47513.9,5316
2026-09-01 07:00:00,5.9521,6.1155,5.9301,6.083,65668.9,7601
2026-09-01 08:00:00,6.084,6.1241,6.028,6.0473,39479.9,5780
2026-09-01 09:00:00,6.0473,6.0869,6.0356,6.0552,11706.0,2755
2026-09-01 10:00:00,6.0552,6.1095,5.9914,6.0466,21825.9,4806
2026-09-01 11:00:00,6.0457,6.1288,6.035,6.0717,14512.1,2472
2026-09-01 12:00:00,6.0762,6.108,6.0518,6.0551,10248.7,3340
2026-09-01 13:00:00,6.055,6.1,6.0366,6.0561,22643.7,5827
2026-09-01 14:00:00,6.0533,6.085,6.0139,6.0791,19332.0,3938
2026-09-01 15:00:00,6.0791,6.0966,6.0541,6.068,13743.3,1749
2026-09-01 16:00:00,6.0622,6.1026,6.0001,6.0031,17061.8,2001
2026-09-01 17:00:00,6.0089,6.0089,5.9187,5.9772,15360.3,980
2026-09-01 18:00:00,5.9715,6.0084,5.9509,6.0046,10697.9,520
2026-09-01 19:00:00,6.0071,6.0326,6.0069,6.0248,4527.1,216
2026-09-01 20:00:00,6.0248,6.0305,6.0016,6.0077,3475.4,258
2026-09-01 21:00:00,6.0079,6.0108,5.9861,5.9989,4802.8,193
2026-09-01 22:00:00,6.0047,6.016,6.0009,6.016,3711.5,258
2026-09-01 23:00:00,6.016,6.039,5.9862,6.0272,12002.9,525
2026-09-02 00:00:00,6.0272,6.0599,6.0107,6.0257,15144.1,758
2026-09-02 01:00:00,6.0233,6.1379,5.9815,6.0079,57557.3,2164
2026-09-02 02:00:00,6.0026,6.0425,5.9901,6.0176,5792.4,210
2026-09-02 03:00:00,6.0176,6.1221,6.0143,6.0672,4492.8,154
2026-09-02 04:00:00,6.0655,6.0745,6.0429,6.0429,3585.7,129
2026-09-02 05:00:00,6.0429,6.0668,5.9919,6.0094,6996.3,576
2026-09-02 06:00:00,6.005,6.0155,5.9857,5.9993,4583.0,627
2026-09-02 07:00:00,6.0055,6.0254,5.9689,5.9752,17656.3,981
2026-09-02 08:00:00,5.9794,6.0063,5.8184,5.8685,36538.2,3598
2026-09-02 09:00:00,5.8685,5.8866,5.8506,5.8506,2812.3,263
2026-09-02 10:00:00,5.8728,5.9142,5.8248,5.863,7815.7,383
2026-09-02 11:00:00,5.8714,5.8931,5.8636,5.8891,1688.2,198
2026-09-02 12:00:00,5.8814,5.8982,5.8813,5.8969,1646.4,170
2026-09-02 13:00:00,5.8946,5.8969,5.8507,5.8611,1169.5,154
2026-09-02 14:00:00,5.8676,5.93,5.8572,5.8931,9172.6,365
2026-09-02 15:00:00,5.8835,5.8901,5.8365,5.8545,1312.0,107
2026-09-02 16:00:00,5.8545,5.8753,5.8306,5.8623,1296.6,136
2026-09-02 17:00:00,5.8581,5.87,5.85,5.8677,840.7,85
2026-09-02 18:00:00,5.8675,5.876,5.85,5.857,819.1,71
2026-09-02 19:00:00,5.8413,5.864,5.8274,5.8519,975.2,88
2026-09-02 20:00:00,5.8634,5.8865,5.8271,5.8759,1202.9,66
2026-09-02 21:00:00,5.8548,5.8703,5.8169,5.8437,2391.2,230
2026-09-02 22:00:00,5.8437,5.878,5.8186,5.86,2918.8,157
2026-09-02 23:00:00,5.86,5.9229,5.8463,5.8961,6586.9,213
2026-09-03 00:00:00,5.8751,5.9285,5.8751,5.9285,2247.1,89
2026-09-03 01:00:00,5.9276,5.93,5.5838,5.607,49286.1,1412
2026-09-03 02:00:00,5.6073,5.6628,5.5631,5.6292,11773.5,1194
2026-09-03 03:00:00,5.6298,5.6592,5.5779,5.581,3023.2,771
2026-09-03 04:00:00,5.5779,5.6481,5.5768,5.6242,4946.0,1035
2026-09-03 05:00:00,5.6187,5.6242,5.3374,5.3846,37109.7,3133
2026-09-03 06:00:00,5.3845,5.4836,5.2593,5.442,43744.9,6034
2026-09-03 07:00:00,5.4428,5.448,5.3662,5.38,26092.9,1344
2026-09-03 08:00:00,5.3877,5.4153,5.3699,5.3974,3476.1,891
2026-09-03 09:00:00,5.4013,5.423,5.3876,5.4013,1537.9,285
2026-09-03 10:00:00,5.3956,5.3985,5.3876,5.3952,243.3,34
2026-09-03 11:00:00,5.39,5.4291,5.3835,5.4055,964.7,92
2026-09-03 12:00:00,5.4028,5.4297,5.3928,5.4198,456.1,63
